-- phpMyAdmin SQL Dump
-- version 4.6.6deb5ubuntu0.5
-- https://www.phpmyadmin.net/
--
-- Host: localhost:3306
-- Generation Time: Sep 17, 2021 at 03:47 PM
-- Server version: 5.7.35-0ubuntu0.18.04.1
-- PHP Version: 7.2.24-0ubuntu0.18.04.8

SET SQL_MODE = "NO_AUTO_VALUE_ON_ZERO";
SET time_zone = "+00:00";


/*!40101 SET @OLD_CHARACTER_SET_CLIENT=@@CHARACTER_SET_CLIENT */;
/*!40101 SET @OLD_CHARACTER_SET_RESULTS=@@CHARACTER_SET_RESULTS */;
/*!40101 SET @OLD_COLLATION_CONNECTION=@@COLLATION_CONNECTION */;
/*!40101 SET NAMES utf8mb4 */;

--
-- Database: `servu_v3`
--

-- --------------------------------------------------------

--
-- Table structure for table `appointments`
--

CREATE TABLE `appointments` (
  `id` bigint(20) UNSIGNED NOT NULL,
  `business_id` bigint(20) UNSIGNED NOT NULL,
  `branch_id` bigint(20) UNSIGNED NOT NULL,
  `client_id` bigint(20) UNSIGNED DEFAULT NULL,
  `booking_date` date NOT NULL,
  `status` enum('new','confirmed','arrived','started','completed','cancelled','no-show') COLLATE utf8mb4_unicode_ci NOT NULL,
  `cancel_reason_id` bigint(20) UNSIGNED DEFAULT NULL,
  `invoice_id` bigint(20) UNSIGNED DEFAULT NULL,
  `notes` text COLLATE utf8mb4_unicode_ci,
  `created_at` timestamp NULL DEFAULT NULL,
  `updated_at` timestamp NULL DEFAULT NULL
) ENGINE=InnoDB DEFAULT CHARSET=utf8mb4 COLLATE=utf8mb4_unicode_ci;

--
-- Dumping data for table `appointments`
--

INSERT INTO `appointments` (`id`, `business_id`, `branch_id`, `client_id`, `booking_date`, `status`, `cancel_reason_id`, `invoice_id`, `notes`, `created_at`, `updated_at`) VALUES
(3, 1, 3, NULL, '2021-07-15', 'new', NULL, NULL, NULL, '2021-07-15 18:01:33', '2021-07-15 18:01:33'),
(4, 1, 3, 9, '2021-07-16', 'new', NULL, NULL, 'sadasdasd', '2021-07-15 18:01:12', '2021-07-15 18:01:12'),
(5, 1, 3, 9, '2021-07-17', 'new', NULL, NULL, 'Test Noman', '2021-07-16 05:32:14', '2021-07-16 05:32:14'),
(6, 1, 3, 9, '2021-07-17', 'new', NULL, NULL, 'Noman New', '2021-07-16 06:26:57', '2021-07-16 06:26:57'),
(7, 1, 3, 9, '2021-07-20', 'new', NULL, NULL, 'Danish Noman', '2021-07-16 06:34:36', '2021-07-16 06:34:36'),
(8, 1, 3, 17, '2021-07-20', 'new', NULL, NULL, '', '2021-07-20 08:00:22', '2021-07-20 08:00:22'),
(9, 1, 3, 17, '2021-07-21', 'new', NULL, NULL, '', '2021-07-20 15:13:40', '2021-07-20 15:13:40'),
(10, 1, 3, 17, '2021-07-23', 'new', NULL, NULL, '', '2021-07-23 13:08:16', '2021-07-23 13:08:16'),
(11, 1, 3, 17, '2021-07-26', 'new', NULL, NULL, 'Noman Test', '2021-07-26 11:09:35', '2021-07-26 11:09:35'),
(12, 1, 3, 17, '2021-07-28', 'new', NULL, NULL, 'Test', '2021-07-27 06:42:55', '2021-07-27 06:42:55'),
(13, 1, 3, 17, '2021-07-30', 'new', NULL, NULL, 'sdsdsa', '2021-07-28 06:34:27', '2021-07-28 06:34:27'),
(18, 1, 3, 12, '2021-07-30', 'new', NULL, NULL, 'dasdasd', '2021-07-30 07:38:46', '2021-07-30 07:38:46'),
(19, 1, 3, 17, '2021-07-30', 'new', NULL, NULL, 'Noman', '2021-07-30 11:20:05', '2021-07-30 11:20:05'),
(20, 1, 3, 17, '2021-08-02', 'new', NULL, NULL, 'asdasd', '2021-07-31 16:21:33', '2021-07-31 16:21:33'),
(21, 1, 3, 17, '2021-08-02', 'new', NULL, 6, 'fgfgh', '2021-07-31 17:11:41', '2021-08-02 08:36:09'),
(22, 1, 3, 19, '2021-08-02', 'new', NULL, NULL, 'dasdsad', '2021-07-31 17:34:55', '2021-07-31 17:34:55'),
(23, 1, 3, 20, '2021-08-02', 'new', NULL, NULL, 'asdasdasd', '2021-07-31 17:47:01', '2021-07-31 17:47:01'),
(24, 1, 8, 17, '2021-08-09', 'new', NULL, NULL, 'asdsadas', '2021-08-05 17:37:44', '2021-08-05 17:37:44'),
(25, 1, 8, NULL, '2021-08-11', 'cancelled', 1, NULL, NULL, '2021-08-11 11:10:22', '2021-08-11 13:49:02'),
(26, 1, 8, NULL, '2021-08-12', 'cancelled', 3, NULL, 'Just adding staff notes...!!!', '2021-08-11 14:27:39', '2021-08-23 15:45:49'),
(28, 1, 3, 17, '2021-08-12', 'new', NULL, NULL, 'Test New', '2021-08-11 15:14:10', '2021-08-11 15:14:10'),
(29, 1, 3, 17, '2021-08-12', 'arrived', NULL, NULL, 'asdasda', '2021-08-12 06:29:32', '2021-08-23 15:21:11'),
(30, 1, 8, 12, '2021-08-16', 'cancelled', 1, NULL, NULL, '2021-08-16 08:25:17', '2021-08-16 08:36:19'),
(31, 1, 8, 12, '2021-08-16', 'confirmed', NULL, NULL, NULL, '2021-08-16 08:36:56', '2021-08-16 10:11:15'),
(32, 1, 8, 1, '2021-08-16', 'confirmed', NULL, NULL, NULL, '2021-08-16 10:21:51', '2021-08-16 10:22:05'),
(33, 1, 8, 12, '2021-08-20', 'cancelled', 1, NULL, 'Testing With ALi Hemani', '2021-08-20 12:27:44', '2021-08-20 13:29:06'),
(34, 1, 8, 12, '2021-08-20', 'completed', NULL, 14, NULL, '2021-08-20 14:00:13', '2021-08-20 14:12:23'),
(35, 1, 8, 12, '2021-08-20', 'completed', NULL, 15, NULL, '2021-08-20 14:20:52', '2021-08-20 14:21:03'),
(36, 1, 8, 1, '2021-08-23', 'completed', NULL, 16, NULL, '2021-08-23 12:35:32', '2021-08-23 12:52:03'),
(37, 1, 8, 1, '2021-08-23', 'new', NULL, NULL, NULL, '2021-08-23 14:56:07', '2021-08-23 14:56:07'),
(38, 1, 3, 17, '2021-09-01', 'new', NULL, NULL, '', '2021-08-27 06:19:51', '2021-08-27 06:19:51'),
(39, 1, 3, 17, '2021-08-27', 'new', NULL, NULL, '', '2021-08-27 06:24:46', '2021-08-27 06:24:46'),
(40, 1, 3, 17, '2021-08-31', 'new', NULL, NULL, 'asdasdsa', '2021-08-30 10:35:53', '2021-08-30 10:35:53'),
(42, 1, 3, 17, '2021-08-30', 'new', NULL, NULL, 'sadsa', '2021-08-30 11:54:08', '2021-08-30 11:54:08'),
(43, 1, 3, 22, '2021-08-30', 'new', NULL, NULL, NULL, '2021-08-30 15:33:04', '2021-08-30 15:33:04'),
(44, 1, 3, 17, '2021-08-31', 'new', NULL, NULL, 'saasd', '2021-08-31 07:10:47', '2021-08-31 07:10:47'),
(45, 1, 3, 17, '2021-09-01', 'new', NULL, NULL, 'adasas', '2021-08-31 08:50:54', '2021-08-31 08:50:54'),
(46, 1, 3, 23, '2021-09-06', 'new', NULL, NULL, 'test', '2021-09-06 07:48:20', '2021-09-06 07:48:20'),
(47, 1, 3, 17, '2021-09-13', 'new', NULL, NULL, 'asddas', '2021-09-09 06:01:18', '2021-09-09 06:01:18'),
(48, 1, 17, 21, '2021-09-10', 'completed', NULL, 112, 'To be honest', '2021-09-10 15:42:39', '2021-09-15 07:29:28'),
(49, 1, 8, NULL, '2021-09-15', 'completed', NULL, 109, NULL, '2021-09-15 05:45:40', '2021-09-15 05:45:48'),
(50, 1, 8, NULL, '2021-09-15', 'cancelled', 4, 111, NULL, '2021-09-15 05:51:28', '2021-09-15 06:11:38');

-- --------------------------------------------------------

--
-- Table structure for table `appointment_history`
--

CREATE TABLE `appointment_history` (
  `id` bigint(20) UNSIGNED NOT NULL,
  `appointment_id` bigint(20) UNSIGNED NOT NULL,
  `status` varchar(30) COLLATE utf8mb4_unicode_ci DEFAULT NULL,
  `staff_id` bigint(20) UNSIGNED DEFAULT NULL,
  `description` text COLLATE utf8mb4_unicode_ci,
  `created_at` timestamp NULL DEFAULT NULL,
  `updated_at` timestamp NULL DEFAULT NULL
) ENGINE=InnoDB DEFAULT CHARSET=utf8mb4 COLLATE=utf8mb4_unicode_ci;

--
-- Dumping data for table `appointment_history`
--

INSERT INTO `appointment_history` (`id`, `appointment_id`, `status`, `staff_id`, `description`, `created_at`, `updated_at`) VALUES
(1, 3, 'new', 1, '', '2021-07-15 18:01:33', '2021-07-15 18:01:33'),
(2, 18, 'new', 1, NULL, '2021-07-30 07:38:46', '2021-07-30 07:38:46'),
(3, 25, 'new', 1, NULL, '2021-08-11 11:10:22', '2021-08-11 11:10:22'),
(8, 25, 'confirmed', 1, NULL, '2021-08-11 12:29:19', '2021-08-11 12:29:19'),
(9, 25, 'cancelled', 1, NULL, '2021-08-11 13:49:02', '2021-08-11 13:49:02'),
(10, 26, 'new', 1, NULL, '2021-08-11 14:27:39', '2021-08-11 14:27:39'),
(13, 26, 'reschedule', 1, NULL, '2021-08-11 14:47:04', '2021-08-11 14:47:04'),
(18, 26, 'reschedule', 1, NULL, '2021-08-11 14:58:03', '2021-08-11 14:58:03'),
(19, 28, 'new', NULL, NULL, '2021-08-11 15:14:10', '2021-08-11 15:14:10'),
(20, 29, 'new', NULL, NULL, '2021-08-12 06:29:32', '2021-08-12 06:29:32'),
(21, 30, 'new', 1, NULL, '2021-08-16 08:25:17', '2021-08-16 08:25:17'),
(29, 30, 'cancelled', 1, NULL, '2021-08-16 08:36:19', '2021-08-16 08:36:19'),
(30, 31, 'new', 1, NULL, '2021-08-16 08:36:56', '2021-08-16 08:36:56'),
(32, 31, 'reschedule', 1, NULL, '2021-08-16 10:03:09', '2021-08-16 10:03:09'),
(39, 31, 'confirmed', 1, NULL, '2021-08-16 10:11:15', '2021-08-16 10:11:15'),
(40, 32, 'new', 1, NULL, '2021-08-16 10:21:51', '2021-08-16 10:21:51'),
(41, 32, 'confirmed', 1, NULL, '2021-08-16 10:22:05', '2021-08-16 10:22:05'),
(42, 33, 'new', 1, NULL, '2021-08-20 12:27:44', '2021-08-20 12:27:44'),
(43, 33, 'confirmed', 1, NULL, '2021-08-20 13:13:02', '2021-08-20 13:13:02'),
(44, 33, 'arrived', 1, NULL, '2021-08-20 13:14:03', '2021-08-20 13:14:03'),
(45, 33, 'started', 1, NULL, '2021-08-20 13:16:36', '2021-08-20 13:16:36'),
(46, 33, 'new', 1, NULL, '2021-08-20 13:19:24', '2021-08-20 13:19:24'),
(47, 33, 'confirmed', 1, NULL, '2021-08-20 13:21:52', '2021-08-20 13:21:52'),
(48, 33, 'arrived', 1, NULL, '2021-08-20 13:21:56', '2021-08-20 13:21:56'),
(49, 33, 'confirmed', 1, NULL, '2021-08-20 13:26:23', '2021-08-20 13:26:23'),
(50, 33, 'cancelled', 1, NULL, '2021-08-20 13:29:06', '2021-08-20 13:29:06'),
(51, 34, 'new', 1, NULL, '2021-08-20 14:00:13', '2021-08-20 14:00:13'),
(52, 35, 'new', 1, NULL, '2021-08-20 14:20:52', '2021-08-20 14:20:52'),
(53, 36, 'new', 1, NULL, '2021-08-23 12:35:32', '2021-08-23 12:35:32'),
(54, 37, 'new', 1, NULL, '2021-08-23 14:56:07', '2021-08-23 14:56:07'),
(55, 29, 'arrived', 1, NULL, '2021-08-23 15:21:11', '2021-08-23 15:21:11'),
(56, 26, 'started', 1, NULL, '2021-08-23 15:44:03', '2021-08-23 15:44:03'),
(57, 26, 'cancelled', 1, NULL, '2021-08-23 15:45:49', '2021-08-23 15:45:49'),
(58, 38, 'new', NULL, NULL, '2021-08-27 06:19:51', '2021-08-27 06:19:51'),
(59, 39, 'new', NULL, NULL, '2021-08-27 06:24:46', '2021-08-27 06:24:46'),
(60, 38, 'new', 1, NULL, '2021-08-27 14:14:18', '2021-08-27 14:14:18'),
(61, 40, 'new', NULL, NULL, '2021-08-30 10:35:53', '2021-08-30 10:35:53'),
(62, 42, 'new', 19, NULL, '2021-08-30 11:54:08', '2021-08-30 11:54:08'),
(63, 43, 'new', 1, NULL, '2021-08-30 15:33:04', '2021-08-30 15:33:04'),
(64, 44, 'new', NULL, NULL, '2021-08-31 07:10:47', '2021-08-31 07:10:47'),
(65, 45, 'new', NULL, NULL, '2021-08-31 08:50:54', '2021-08-31 08:50:54'),
(66, 46, 'new', NULL, NULL, '2021-09-06 07:48:21', '2021-09-06 07:48:21'),
(67, 47, 'new', NULL, NULL, '2021-09-09 06:01:18', '2021-09-09 06:01:18'),
(68, 48, 'new', 1, NULL, '2021-09-10 15:42:39', '2021-09-10 15:42:39'),
(69, 49, 'new', 1, NULL, '2021-09-15 05:45:40', '2021-09-15 05:45:40'),
(70, 50, 'new', 1, NULL, '2021-09-15 05:51:28', '2021-09-15 05:51:28'),
(71, 50, 'cancelled', 1, NULL, '2021-09-15 06:11:38', '2021-09-15 06:11:38');

-- --------------------------------------------------------

--
-- Table structure for table `appointment_items`
--

CREATE TABLE `appointment_items` (
  `id` bigint(20) UNSIGNED NOT NULL,
  `appointment_id` bigint(20) UNSIGNED NOT NULL,
  `type` enum('service') COLLATE utf8mb4_unicode_ci NOT NULL,
  `service_id` bigint(20) UNSIGNED DEFAULT NULL,
  `start_time` time NOT NULL,
  `end_time` time NOT NULL,
  `duration` int(10) UNSIGNED NOT NULL,
  `staff_id` bigint(20) UNSIGNED NOT NULL,
  `price` decimal(8,2) UNSIGNED NOT NULL,
  `created_at` timestamp NULL DEFAULT NULL,
  `updated_at` timestamp NULL DEFAULT NULL
) ENGINE=InnoDB DEFAULT CHARSET=utf8mb4 COLLATE=utf8mb4_unicode_ci;

--
-- Dumping data for table `appointment_items`
--

INSERT INTO `appointment_items` (`id`, `appointment_id`, `type`, `service_id`, `start_time`, `end_time`, `duration`, `staff_id`, `price`, `created_at`, `updated_at`) VALUES
(3, 3, 'service', 29, '23:00:00', '00:00:00', 60, 1, '555.00', '2021-07-15 18:01:33', '2021-07-15 18:01:33'),
(4, 4, 'service', 28, '10:00:00', '11:00:00', 60, 4, '2000.00', '2021-07-15 18:01:12', '2021-07-15 18:01:12'),
(5, 5, 'service', 28, '09:45:00', '10:45:00', 60, 4, '2000.00', '2021-07-16 05:32:14', '2021-07-16 05:32:14'),
(6, 5, 'service', 29, '10:45:00', '11:45:00', 60, 4, '555.00', '2021-07-16 05:32:14', '2021-07-16 05:32:14'),
(7, 6, 'service', 28, '10:00:00', '11:00:00', 60, 9, '2000.00', '2021-07-16 06:26:57', '2021-07-16 06:26:57'),
(8, 6, 'service', 29, '11:00:00', '12:00:00', 60, 9, '555.00', '2021-07-16 06:26:57', '2021-07-16 06:26:57'),
(9, 6, 'service', 30, '12:00:00', '13:00:00', 60, 9, '900.00', '2021-07-16 06:26:57', '2021-07-16 06:26:57'),
(10, 7, 'service', 28, '10:00:00', '11:00:00', 60, 4, '2000.00', '2021-07-16 06:34:36', '2021-07-16 06:34:36'),
(11, 7, 'service', 29, '11:00:00', '12:00:00', 60, 4, '555.00', '2021-07-16 06:34:36', '2021-07-16 06:34:36'),
(12, 8, 'service', 28, '14:30:00', '15:30:00', 60, 4, '2000.00', '2021-07-20 08:00:22', '2021-07-20 08:00:22'),
(13, 8, 'service', 29, '15:30:00', '16:30:00', 60, 4, '555.00', '2021-07-20 08:00:22', '2021-07-20 08:00:22'),
(14, 9, 'service', 1, '10:00:00', '11:00:00', 60, 9, '250000.00', '2021-07-20 15:13:40', '2021-07-20 15:13:40'),
(15, 9, 'service', 29, '11:00:00', '12:00:00', 60, 9, '555.00', '2021-07-20 15:13:40', '2021-07-20 15:13:40'),
(16, 10, 'service', 28, '18:30:00', '19:30:00', 60, 9, '2000.00', '2021-07-23 13:08:16', '2021-07-23 13:08:16'),
(17, 11, 'service', 29, '17:15:00', '18:15:00', 60, 4, '555.00', '2021-07-26 11:09:35', '2021-07-26 11:09:35'),
(18, 11, 'service', 44, '18:15:00', '18:45:00', 30, 4, '5000.00', '2021-07-26 11:09:35', '2021-07-26 11:09:35'),
(19, 11, 'service', 34, '18:45:00', '19:45:00', 60, 4, '400.00', '2021-07-26 11:09:35', '2021-07-26 11:09:35'),
(20, 12, 'service', 28, '10:00:00', '11:00:00', 60, 4, '2000.00', '2021-07-27 06:42:55', '2021-07-27 06:42:55'),
(21, 12, 'service', 29, '11:00:00', '12:00:00', 60, 4, '555.00', '2021-07-27 06:42:55', '2021-07-27 06:42:55'),
(22, 12, 'service', 30, '12:00:00', '13:00:00', 60, 4, '900.00', '2021-07-27 06:42:55', '2021-07-27 06:42:55'),
(23, 13, 'service', 29, '10:00:00', '11:00:00', 60, 9, '555.00', '2021-07-28 06:34:27', '2021-07-28 06:34:27'),
(24, 13, 'service', 28, '11:00:00', '12:00:00', 60, 9, '2000.00', '2021-07-28 06:34:27', '2021-07-28 06:34:27'),
(29, 18, 'service', 1, '14:15:00', '15:30:00', 75, 9, '240000.00', '2021-07-30 07:38:46', '2021-07-30 07:38:46'),
(30, 19, 'service', 28, '17:00:00', '18:00:00', 60, 9, '2000.00', '2021-07-30 11:20:05', '2021-07-30 11:20:05'),
(31, 19, 'service', 31, '18:00:00', '19:00:00', 60, 9, '500.00', '2021-07-30 11:20:05', '2021-07-30 11:20:05'),
(32, 19, 'service', 30, '19:00:00', '20:00:00', 60, 9, '900.00', '2021-07-30 11:20:05', '2021-07-30 11:20:05'),
(33, 20, 'service', 28, '12:30:00', '13:30:00', 60, 9, '2000.00', '2021-07-31 16:21:33', '2021-07-31 16:21:33'),
(34, 21, 'service', 28, '12:15:00', '13:15:00', 60, 9, '2000.00', '2021-07-31 17:11:41', '2021-07-31 17:11:41'),
(35, 22, 'service', 28, '14:00:00', '15:00:00', 60, 9, '2000.00', '2021-07-31 17:34:55', '2021-07-31 17:34:55'),
(36, 23, 'service', 2, '13:45:00', '15:30:00', 105, 9, '5000.00', '2021-07-31 17:47:01', '2021-07-31 17:47:01'),
(37, 23, 'service', 32, '15:30:00', '16:15:00', 45, 9, '2000.00', '2021-07-31 17:47:01', '2021-07-31 17:47:01'),
(38, 24, 'service', 17, '14:00:00', '15:00:00', 60, 19, '5000.00', '2021-08-05 17:37:44', '2021-08-05 17:37:44'),
(39, 24, 'service', 28, '15:00:00', '16:00:00', 60, 19, '2000.00', '2021-08-05 17:37:44', '2021-08-05 17:37:44'),
(40, 24, 'service', 29, '16:00:00', '17:00:00', 60, 19, '555.00', '2021-08-05 17:37:44', '2021-08-05 17:37:44'),
(41, 25, 'service', 31, '16:00:00', '17:00:00', 60, 1, '500.00', '2021-08-11 11:10:22', '2021-08-11 11:10:22'),
(53, 26, 'service', 31, '10:00:00', '11:00:00', 60, 1, '500.00', '2021-08-11 14:58:03', '2021-08-11 14:58:03'),
(54, 28, 'service', 37, '12:00:00', '13:00:00', 60, 20, '8000.00', '2021-08-11 15:14:10', '2021-08-11 15:14:10'),
(55, 28, 'service', 33, '13:00:00', '14:00:00', 60, 20, '1200.00', '2021-08-11 15:14:10', '2021-08-11 15:14:10'),
(56, 29, 'service', 30, '14:00:00', '15:00:00', 60, 20, '900.00', '2021-08-12 06:29:32', '2021-08-12 06:29:32'),
(57, 29, 'service', 29, '15:00:00', '16:00:00', 60, 20, '555.00', '2021-08-12 06:29:32', '2021-08-12 06:29:32'),
(58, 30, 'service', 30, '14:00:00', '15:00:00', 60, 9, '900.00', '2021-08-16 08:25:17', '2021-08-16 08:25:17'),
(60, 31, 'service', 29, '16:15:00', '17:15:00', 60, 19, '555.00', '2021-08-16 10:03:09', '2021-08-16 10:03:09'),
(61, 32, 'service', 47, '16:30:00', '17:00:00', 30, 4, '150.00', '2021-08-16 10:21:51', '2021-08-16 10:21:51'),
(62, 33, 'service', 30, '10:00:00', '11:00:00', 60, 20, '900.00', '2021-08-20 12:27:44', '2021-08-20 12:27:44'),
(63, 34, 'service', 30, '18:00:00', '19:00:00', 60, 10, '900.00', '2021-08-20 14:00:13', '2021-08-20 14:00:13'),
(64, 35, 'service', 30, '18:00:00', '19:00:00', 60, 9, '900.00', '2021-08-20 14:20:52', '2021-08-20 14:20:52'),
(65, 36, 'service', 30, '17:45:00', '18:45:00', 60, 1, '900.00', '2021-08-23 12:35:32', '2021-08-23 12:35:32'),
(66, 37, 'service', 30, '16:00:00', '17:00:00', 60, 19, '900.00', '2021-08-23 14:56:07', '2021-08-23 14:56:07'),
(67, 38, 'service', 28, '09:15:00', '10:15:00', 60, 19, '2000.00', '2021-08-27 06:19:51', '2021-08-27 06:19:51'),
(68, 38, 'service', 29, '10:15:00', '11:15:00', 60, 19, '555.00', '2021-08-27 06:19:51', '2021-08-27 06:19:51'),
(69, 39, 'service', 29, '12:30:00', '13:30:00', 60, 19, '555.00', '2021-08-27 06:24:46', '2021-08-27 06:24:46'),
(70, 40, 'service', 29, '10:00:00', '11:00:00', 60, 19, '555.00', '2021-08-30 10:35:53', '2021-08-30 10:35:53'),
(73, 42, 'service', 29, '18:00:00', '19:00:00', 60, 19, '555.00', '2021-08-30 11:54:08', '2021-08-30 11:54:08'),
(74, 42, 'service', 30, '19:00:00', '20:00:00', 60, 19, '900.00', '2021-08-30 11:54:08', '2021-08-30 11:54:08'),
(75, 42, 'service', 31, '20:00:00', '21:00:00', 60, 19, '500.00', '2021-08-30 11:54:08', '2021-08-30 11:54:08'),
(76, 43, 'service', 36, '09:00:00', '10:00:00', 60, 20, '7000.00', '2021-08-30 15:33:04', '2021-08-30 15:33:04'),
(77, 44, 'service', 28, '14:30:00', '15:30:00', 60, 19, '2000.00', '2021-08-31 07:10:47', '2021-08-31 07:10:47'),
(78, 44, 'service', 29, '15:30:00', '16:30:00', 60, 19, '555.00', '2021-08-31 07:10:47', '2021-08-31 07:10:47'),
(79, 44, 'service', 30, '16:30:00', '17:30:00', 60, 19, '900.00', '2021-08-31 07:10:47', '2021-08-31 07:10:47'),
(80, 45, 'service', 28, '15:00:00', '16:00:00', 60, 19, '2000.00', '2021-08-31 08:50:54', '2021-08-31 08:50:54'),
(81, 45, 'service', 30, '16:00:00', '17:00:00', 60, 19, '900.00', '2021-08-31 08:50:54', '2021-08-31 08:50:54'),
(82, 46, 'service', 1, '13:00:00', '14:00:00', 60, 19, '250000.00', '2021-09-06 07:48:20', '2021-09-06 07:48:20'),
(83, 46, 'service', 28, '14:00:00', '15:00:00', 60, 19, '2000.00', '2021-09-06 07:48:20', '2021-09-06 07:48:20'),
(84, 46, 'service', 29, '15:00:00', '16:00:00', 60, 19, '555.00', '2021-09-06 07:48:20', '2021-09-06 07:48:20'),
(85, 47, 'service', 28, '10:00:00', '11:00:00', 60, 9, '2000.00', '2021-09-09 06:01:18', '2021-09-09 06:01:18'),
(86, 47, 'service', 29, '11:00:00', '12:00:00', 60, 9, '555.00', '2021-09-09 06:01:18', '2021-09-09 06:01:18'),
(87, 48, 'service', 29, '10:00:00', '11:00:00', 60, 19, '555.00', '2021-09-10 15:42:39', '2021-09-10 15:42:39'),
(88, 49, 'service', 30, '11:00:00', '12:00:00', 60, 1, '900.00', '2021-09-15 05:45:40', '2021-09-15 05:45:40'),
(89, 50, 'service', 31, '15:00:00', '16:00:00', 60, 1, '500.00', '2021-09-15 05:51:28', '2021-09-15 05:51:28');

-- --------------------------------------------------------

--
-- Table structure for table `branches`
--

CREATE TABLE `branches` (
  `id` bigint(20) UNSIGNED NOT NULL,
  `business_id` bigint(20) UNSIGNED NOT NULL,
  `name` varchar(100) COLLATE utf8mb4_unicode_ci NOT NULL,
  `slug` varchar(100) COLLATE utf8mb4_unicode_ci NOT NULL,
  `description` mediumtext COLLATE utf8mb4_unicode_ci,
  `email` varchar(255) COLLATE utf8mb4_unicode_ci DEFAULT NULL,
  `phone_country_id` bigint(20) UNSIGNED NOT NULL,
  `phone_number` varchar(30) COLLATE utf8mb4_unicode_ci NOT NULL,
  `address` varchar(100) COLLATE utf8mb4_unicode_ci NOT NULL,
  `state_id` bigint(20) UNSIGNED NOT NULL,
  `city_id` bigint(20) UNSIGNED NOT NULL,
  `business_type_1` varchar(255) COLLATE utf8mb4_unicode_ci DEFAULT NULL,
  `business_type_2` varchar(255) COLLATE utf8mb4_unicode_ci DEFAULT NULL,
  `business_type_3` varchar(255) COLLATE utf8mb4_unicode_ci DEFAULT NULL,
  `product_tax_id` bigint(20) UNSIGNED DEFAULT NULL,
  `service_tax_id` bigint(20) UNSIGNED DEFAULT NULL,
  `invoice_prefix` varchar(50) COLLATE utf8mb4_unicode_ci DEFAULT NULL,
  `next_invoice_number` int(10) UNSIGNED DEFAULT '1',
  `created_at` timestamp NULL DEFAULT NULL,
  `updated_at` timestamp NULL DEFAULT NULL
) ENGINE=InnoDB DEFAULT CHARSET=utf8mb4 COLLATE=utf8mb4_unicode_ci;

--
-- Dumping data for table `branches`
--

INSERT INTO `branches` (`id`, `business_id`, `name`, `slug`, `description`, `email`, `phone_country_id`, `phone_number`, `address`, `state_id`, `city_id`, `business_type_1`, `business_type_2`, `business_type_3`, `product_tax_id`, `service_tax_id`, `invoice_prefix`, `next_invoice_number`, `created_at`, `updated_at`) VALUES
(1, 1, 'Ocean Mall', 'ocean-mall-jnp', NULL, 'ocean_mall@yopmail.com', 1, '3003433333', 'Clifton 2 Talwar', 1, 55, 'hair-salon', 'eyebrow-lashes', 'gym-fitness', 1, 6, 'OM', 2, '2021-03-29 13:39:23', '2021-08-12 10:56:08'),
(2, 1, 'Margalla Motors', 'margalla-motors-eb5', NULL, 'margalla_motors@yopmail.com', 1, '3002566989', 'Margalla Motors PECHS Block 3', 1, 55, 'barbershop', NULL, NULL, 5, 1, NULL, 13, '2021-03-29 13:47:01', '2021-07-28 07:03:12'),
(3, 1, 'Imtiaz Super market', 'imtiaz-super-market', 'Plaster Beauty is a boutique nail & beauty bar, located in the heart of Crystal Palace\'s Triangle, just a 10-minute walk from Crystal Palace station. This stylish salon opened in June 2019 and specialises in manicures and pedicures using vegan and cruelty-free products. We can bring your nails to life with a full rainbow of polishes, gels and all the latest trends in nail art and design.', 'imtiaz_dha@yopmail.com', 1, '3222353116', 'Defence Korangi', 1, 55, 'nail-salon', 'barbershop', NULL, 3, 1, 'ISM', 225, '2021-03-29 13:47:53', '2021-09-17 15:04:39'),
(4, 1, 'Kolachi Do Darya', 'kolachi-do-darya', NULL, 'kolachi@yopmail.com', 1, '3002588744', 'Kolachi Do Darya', 1, 55, 'nail-salon', 'gym-fitness', 'waxing-salon', 3, 3, 'KDD', 101, '2021-03-29 13:48:33', '2021-08-12 06:30:57'),
(8, 1, 'Gulshan - e - Hadeed', 'gulshan-e-hadeed', NULL, 'gulshan@yopmail.com', 1, '3002566325', 'Gulshan e Iqbal', 1, 55, 'nail-salon', 'beauty-salon', 'barbershop', NULL, NULL, NULL, 21, NULL, '2021-09-16 11:11:17'),
(9, 2, 'Liyari', 'liyari-aks', NULL, 'beautysaloon@yopmai.com', 1, '3151111111', 'liyari karachi pakistan.', 1, 55, 'therapy-center', 'hair-salon', 'barbershop', NULL, NULL, NULL, 1, '2021-04-27 11:15:45', '2021-05-06 11:34:32'),
(10, 2, 'Defence', 'defence', NULL, 'defence@yopmail.com', 1, '3111111111', 'defence phase 8 Karachi Pakistan', 1, 55, 'hair-salon', 'waxing-salon', 'gym-fitness', NULL, NULL, NULL, 1, '2021-04-27 11:18:07', '2021-07-08 11:04:13'),
(11, 3, 'karachi', 'karachi-pwv', NULL, 'karachi@yopmail.com', 1, '3151212121', 'karachi pakistan', 1, 55, 'barbershop', 'nail-salon', 'hair-salon', NULL, NULL, NULL, 1, '2021-04-27 11:40:33', '2021-05-06 11:33:34'),
(12, 3, 'Lahore', 'lahore-b7w', NULL, 'lahore@yopmail.com', 1, '3431212222', 'Lahore, Punjab Pakistan', 2, 446, 'nail-salon', 'barbershop', 'beauty-salon', NULL, NULL, NULL, 1, '2021-04-27 11:41:44', '2021-05-06 11:33:42'),
(13, 3, 'Quetta', 'quetta-hrb', NULL, 'quetta@yopmail.com', 1, '3434343434', 'Quetta, Balochistan Pakistan', 3, 574, 'nail-salon', 'barbershop', 'beauty-salon', NULL, NULL, NULL, 1, '2021-04-27 11:42:36', '2021-05-06 11:33:50'),
(14, 4, 'Hydri', 'hydri-dt1', NULL, 'hyderi@yopmail.com', 1, '3222222222', 'Hydri, Karachi Pakistan', 1, 55, 'nail-salon', 'barbershop', 'hair-salon', NULL, NULL, NULL, 1, '2021-04-27 12:16:24', '2021-05-06 11:32:01'),
(15, 1, 'Punjab Chowrangi', 'punjab-chowrangi', NULL, NULL, 1, '3002522652', 'punjab chowrangi near agra', 1, 9, 'nail-salon', 'eyebrow-lashes', 'barbershop', NULL, NULL, NULL, 1, '2021-04-29 10:49:50', '2021-06-24 15:09:00'),
(16, 1, 'Sadar', 'sadar', NULL, 'saddar@yopmail.com', 1, '3002585968', 'saddar mobile mall', 1, 55, 'hair-salon', 'nail-salon', 'barbershop', 1, NULL, NULL, 1, '2021-06-21 08:29:42', '2021-07-05 08:19:38'),
(17, 1, 'Surjani Town', 'surjani-town', NULL, 'surjani@yopmail.com', 1, '3222353116', 'surjani town ulti patang chowrangi', 1, 5, 'nail-salon', 'eyebrow-lashes', 'therapy-center', NULL, NULL, NULL, 2, '2021-07-19 14:11:42', '2021-09-15 07:29:28'),
(18, 2, 'Imtiaz Super Market - B2B', 'imtiaz-super-market-b2b', NULL, 'test@test.com', 1, '3223533665', 'test', 1, 1, 'hair-salon', 'nail-salon', 'personal-trainer', NULL, NULL, NULL, 1, '2021-07-20 09:50:25', '2021-07-20 09:50:25'),
(19, 2, 'test', 'test', NULL, 'test@test.com', 1, '3225263635', 'test', 1, 7, 'barbershop', 'personal-trainer', 'hair-salon', NULL, NULL, NULL, 1, '2021-07-20 09:52:21', '2021-07-20 09:52:21'),
(20, 2, 'test', 'test-60f69d3f4bfa9', NULL, 'test@test.com', 1, '3222563214', 'test', 3, 551, 'hair-salon', 'waxing-salon', 'personal-trainer', NULL, NULL, NULL, 1, '2021-07-20 09:54:07', '2021-07-20 09:54:07'),
(21, 8, 'Bhadurabad', 'bhadurabad', NULL, 'nomanabc00@gmail.com', 1, '3161265822', 'Autem aut libero fug', 1, 55, 'barbershop', 'nail-salon', 'gym-fitness', NULL, NULL, NULL, 1, '2021-08-03 14:56:22', '2021-08-03 14:56:22'),
(22, 1, 'Leamarket', 'leamarket', NULL, 'leamarket@yopmail.com', 1, '3251692364', 'demo test', 1, 55, 'nail-salon', 'barbershop', 'gym-fitness', NULL, NULL, NULL, 1, '2021-08-04 10:19:34', '2021-08-04 10:19:34');

-- --------------------------------------------------------

--
-- Table structure for table `branch_products`
--

CREATE TABLE `branch_products` (
  `id` bigint(20) UNSIGNED NOT NULL,
  `branch_id` bigint(20) UNSIGNED NOT NULL,
  `product_id` bigint(20) UNSIGNED NOT NULL,
  `tax_id` int(10) UNSIGNED DEFAULT NULL,
  `stock_on_hand` int(10) UNSIGNED NOT NULL DEFAULT '0',
  `created_at` timestamp NULL DEFAULT NULL,
  `updated_at` timestamp NULL DEFAULT NULL
) ENGINE=InnoDB DEFAULT CHARSET=utf8mb4 COLLATE=utf8mb4_unicode_ci;

--
-- Dumping data for table `branch_products`
--

INSERT INTO `branch_products` (`id`, `branch_id`, `product_id`, `tax_id`, `stock_on_hand`, `created_at`, `updated_at`) VALUES
(61, 1, 3, NULL, 111, '2021-06-01 18:09:07', '2021-06-02 20:26:22'),
(62, 3, 3, NULL, 0, '2021-06-01 18:09:07', '2021-06-01 18:09:07'),
(63, 15, 3, NULL, 0, '2021-06-01 18:09:07', '2021-06-02 20:29:53'),
(64, 2, 3, NULL, 100, '2021-06-01 18:09:07', '2021-06-02 20:51:16'),
(65, 8, 3, NULL, 0, '2021-06-01 18:09:07', '2021-06-02 20:49:21'),
(67, 4, 3, NULL, 0, '2021-06-02 19:02:31', '2021-06-02 20:18:42'),
(68, 8, 1, 3, 39, '2021-06-22 12:57:14', '2021-09-16 11:11:17'),
(69, 3, 1, 10, 415, '2021-06-22 12:57:14', '2021-09-17 11:30:22'),
(70, 4, 1, 3, 0, '2021-06-22 12:57:14', '2021-06-22 12:57:14'),
(71, 2, 1, 5, 0, '2021-06-22 12:57:14', '2021-06-22 12:57:14'),
(72, 1, 1, 1, 0, '2021-06-22 12:57:14', '2021-06-22 12:57:14'),
(73, 15, 1, 1, 0, '2021-06-22 12:57:14', '2021-06-22 12:57:14'),
(74, 16, 1, NULL, 0, '2021-06-22 12:57:14', '2021-06-22 12:57:14'),
(96, 8, 4, 3, 0, '2021-07-05 11:53:53', '2021-08-30 12:09:32'),
(97, 3, 4, 10, 103, '2021-07-05 11:53:53', '2021-09-17 13:11:59'),
(98, 4, 4, 3, 0, '2021-07-05 11:53:53', '2021-07-05 11:53:53'),
(99, 2, 4, 5, 0, '2021-07-05 11:53:53', '2021-07-05 11:53:53'),
(100, 1, 4, 1, 0, '2021-07-05 11:53:53', '2021-07-05 11:53:53'),
(101, 15, 4, NULL, 0, '2021-07-05 11:53:53', '2021-07-05 11:53:53'),
(102, 16, 4, 2, 0, '2021-07-05 11:53:53', '2021-07-05 11:53:53'),
(131, 8, 2, NULL, 0, '2021-07-09 10:54:19', '2021-07-09 10:54:19'),
(132, 4, 2, NULL, 0, '2021-07-09 11:35:57', '2021-07-09 11:35:57'),
(133, 1, 2, NULL, 0, '2021-07-09 11:35:57', '2021-07-09 11:35:57'),
(134, 16, 2, 1, 0, '2021-07-09 11:35:57', '2021-07-09 11:35:57'),
(135, 15, 2, NULL, 0, '2021-07-09 11:35:58', '2021-07-09 11:35:58'),
(136, 2, 2, 1, 0, '2021-07-09 11:35:58', '2021-07-09 11:35:58'),
(137, 3, 2, NULL, 0, '2021-07-09 11:35:58', '2021-07-09 11:35:58'),
(138, 8, 5, NULL, 0, '2021-08-11 07:13:40', '2021-08-11 07:13:40'),
(139, 3, 5, 3, 0, '2021-08-11 07:13:40', '2021-08-11 07:13:40'),
(140, 4, 5, 3, 0, '2021-08-11 07:13:40', '2021-08-11 07:13:40'),
(141, 22, 5, NULL, 0, '2021-08-11 07:13:40', '2021-08-11 07:13:40'),
(142, 2, 5, 5, 0, '2021-08-11 07:13:40', '2021-08-11 07:13:40'),
(143, 1, 5, 1, 0, '2021-08-11 07:13:40', '2021-08-11 07:13:40'),
(144, 15, 5, NULL, 0, '2021-08-11 07:13:40', '2021-08-11 07:13:40'),
(145, 16, 5, 1, 0, '2021-08-11 07:13:40', '2021-08-11 07:13:40'),
(146, 17, 5, NULL, 0, '2021-08-11 07:13:40', '2021-08-11 07:13:40');

-- --------------------------------------------------------

--
-- Table structure for table `branch_services`
--

CREATE TABLE `branch_services` (
  `id` bigint(20) UNSIGNED NOT NULL,
  `branch_id` bigint(20) UNSIGNED NOT NULL,
  `service_id` bigint(20) UNSIGNED NOT NULL,
  `tax_id` bigint(20) UNSIGNED DEFAULT NULL,
  `created_at` timestamp NULL DEFAULT NULL,
  `updated_at` timestamp NULL DEFAULT NULL
) ENGINE=InnoDB DEFAULT CHARSET=utf8mb4 COLLATE=utf8mb4_unicode_ci;

--
-- Dumping data for table `branch_services`
--

INSERT INTO `branch_services` (`id`, `branch_id`, `service_id`, `tax_id`, `created_at`, `updated_at`) VALUES
(95, 10, 3, NULL, '2021-04-27 11:28:21', '2021-04-27 11:28:21'),
(96, 9, 3, NULL, '2021-04-27 11:28:21', '2021-04-27 11:28:21'),
(97, 10, 4, NULL, '2021-04-27 11:30:38', '2021-04-27 11:30:38'),
(98, 9, 4, NULL, '2021-04-27 11:30:39', '2021-04-27 11:30:39'),
(99, 10, 5, NULL, '2021-04-27 11:34:23', '2021-04-27 11:34:23'),
(100, 10, 6, NULL, '2021-04-27 11:37:15', '2021-04-27 11:37:15'),
(104, 11, 8, NULL, '2021-04-27 11:45:33', '2021-04-27 11:45:33'),
(105, 12, 8, NULL, '2021-04-27 11:45:33', '2021-04-27 11:45:33'),
(106, 13, 8, NULL, '2021-04-27 11:45:33', '2021-04-27 11:45:33'),
(107, 11, 7, NULL, '2021-04-27 11:45:43', '2021-04-27 11:45:43'),
(108, 12, 7, NULL, '2021-04-27 11:45:43', '2021-04-27 11:45:43'),
(109, 13, 7, NULL, '2021-04-27 11:45:43', '2021-04-27 11:45:43'),
(110, 11, 9, NULL, '2021-04-27 11:47:15', '2021-04-27 11:47:15'),
(111, 12, 9, NULL, '2021-04-27 11:47:15', '2021-04-27 11:47:15'),
(112, 13, 9, NULL, '2021-04-27 11:47:15', '2021-04-27 11:47:15'),
(116, 13, 10, NULL, '2021-04-27 11:49:06', '2021-04-27 11:49:06'),
(117, 14, 11, NULL, '2021-04-27 12:17:13', '2021-04-27 12:17:13'),
(118, 14, 12, NULL, '2021-04-27 12:17:46', '2021-04-27 12:17:46'),
(119, 14, 13, NULL, '2021-04-27 12:18:24', '2021-04-27 12:18:24'),
(125, 8, 15, NULL, '2021-04-28 08:01:46', '2021-04-28 08:01:46'),
(126, 3, 15, NULL, '2021-04-28 08:01:46', '2021-04-28 08:01:46'),
(127, 4, 15, NULL, '2021-04-28 08:01:46', '2021-04-28 08:01:46'),
(128, 2, 15, 1, '2021-04-28 08:01:46', '2021-04-28 08:01:46'),
(129, 1, 15, NULL, '2021-04-28 08:01:46', '2021-04-28 08:01:46'),
(135, 8, 17, NULL, '2021-04-28 08:03:19', '2021-04-28 08:03:19'),
(136, 3, 17, NULL, '2021-04-28 08:03:19', '2021-04-28 08:03:19'),
(137, 4, 17, NULL, '2021-04-28 08:03:19', '2021-04-28 08:03:19'),
(138, 2, 17, 1, '2021-04-28 08:03:19', '2021-04-28 08:03:19'),
(139, 1, 17, NULL, '2021-04-28 08:03:19', '2021-04-28 08:03:19'),
(141, 3, 19, NULL, '2021-04-28 08:06:00', '2021-04-28 08:06:00'),
(142, 3, 20, NULL, '2021-04-28 08:07:25', '2021-04-28 08:07:25'),
(143, 3, 21, NULL, '2021-04-28 08:08:31', '2021-04-28 08:08:31'),
(144, 3, 22, NULL, '2021-04-28 08:09:52', '2021-04-28 08:09:52'),
(145, 3, 23, NULL, '2021-04-28 08:10:31', '2021-04-28 08:10:31'),
(146, 3, 24, NULL, '2021-04-28 08:11:19', '2021-04-28 08:11:19'),
(147, 3, 25, NULL, '2021-04-28 08:11:48', '2021-04-28 08:11:48'),
(148, 3, 26, NULL, '2021-04-28 08:12:41', '2021-04-28 08:12:41'),
(149, 3, 27, NULL, '2021-04-28 08:13:15', '2021-04-28 08:13:15'),
(173, 8, 33, NULL, '2021-04-28 08:29:14', '2021-04-28 08:29:14'),
(174, 3, 33, NULL, '2021-04-28 08:29:14', '2021-04-28 08:29:14'),
(175, 4, 33, NULL, '2021-04-28 08:29:14', '2021-04-28 08:29:14'),
(176, 2, 33, 1, '2021-04-28 08:29:14', '2021-04-28 08:29:14'),
(177, 1, 33, NULL, '2021-04-28 08:29:14', '2021-04-28 08:29:14'),
(193, 8, 37, NULL, '2021-04-28 08:32:22', '2021-04-28 08:32:22'),
(194, 3, 37, NULL, '2021-04-28 08:32:22', '2021-04-28 08:32:22'),
(195, 4, 37, NULL, '2021-04-28 08:32:22', '2021-04-28 08:32:22'),
(196, 2, 37, 1, '2021-04-28 08:32:22', '2021-04-28 08:32:22'),
(197, 1, 37, NULL, '2021-04-28 08:32:22', '2021-04-28 08:32:22'),
(198, 8, 38, NULL, '2021-04-28 08:32:53', '2021-04-28 08:32:53'),
(199, 3, 38, NULL, '2021-04-28 08:32:53', '2021-04-28 08:32:53'),
(200, 4, 38, NULL, '2021-04-28 08:32:53', '2021-04-28 08:32:53'),
(201, 2, 38, 1, '2021-04-28 08:32:53', '2021-04-28 08:32:53'),
(202, 1, 38, NULL, '2021-04-28 08:32:53', '2021-04-28 08:32:53'),
(203, 8, 39, NULL, '2021-04-28 08:33:34', '2021-04-28 08:33:34'),
(204, 3, 39, NULL, '2021-04-28 08:33:34', '2021-04-28 08:33:34'),
(205, 4, 39, NULL, '2021-04-28 08:33:34', '2021-04-28 08:33:34'),
(206, 2, 39, 1, '2021-04-28 08:33:34', '2021-04-28 08:33:34'),
(207, 1, 39, NULL, '2021-04-28 08:33:34', '2021-04-28 08:33:34'),
(208, 8, 40, NULL, '2021-04-28 08:34:06', '2021-04-28 08:34:06'),
(209, 3, 40, NULL, '2021-04-28 08:34:06', '2021-04-28 08:34:06'),
(210, 4, 40, NULL, '2021-04-28 08:34:06', '2021-04-28 08:34:06'),
(211, 2, 40, 1, '2021-04-28 08:34:06', '2021-04-28 08:34:06'),
(212, 1, 40, NULL, '2021-04-28 08:34:06', '2021-04-28 08:34:06'),
(213, 8, 41, NULL, '2021-04-28 08:35:08', '2021-04-28 08:35:08'),
(214, 3, 41, NULL, '2021-04-28 08:35:08', '2021-04-28 08:35:08'),
(215, 4, 41, NULL, '2021-04-28 08:35:08', '2021-04-28 08:35:08'),
(216, 2, 41, 1, '2021-04-28 08:35:08', '2021-04-28 08:35:08'),
(217, 1, 41, NULL, '2021-04-28 08:35:08', '2021-04-28 08:35:08'),
(252, 8, 31, NULL, '2021-05-10 06:53:28', '2021-05-10 06:53:28'),
(253, 3, 31, 6, '2021-05-10 06:53:28', '2021-05-10 06:53:28'),
(254, 4, 31, NULL, '2021-05-10 06:53:28', '2021-05-10 06:53:28'),
(255, 2, 31, 1, '2021-05-10 06:53:28', '2021-05-10 06:53:28'),
(256, 1, 31, NULL, '2021-05-10 06:53:28', '2021-05-10 06:53:28'),
(297, 8, 43, 2, '2021-06-10 07:11:44', '2021-06-10 07:11:44'),
(298, 3, 43, 2, '2021-06-10 07:11:44', '2021-06-10 07:11:44'),
(299, 1, 43, 2, '2021-06-10 07:11:44', '2021-06-10 07:11:44'),
(300, 15, 43, 2, '2021-06-10 07:11:44', '2021-06-10 07:11:44'),
(301, 4, 43, 3, '2021-06-10 07:11:44', '2021-06-10 07:11:44'),
(302, 2, 43, 1, '2021-06-10 07:11:44', '2021-06-10 07:11:44'),
(303, 8, 35, NULL, '2021-06-25 13:17:34', '2021-06-25 13:17:34'),
(304, 3, 35, 1, '2021-06-25 13:17:34', '2021-06-25 13:17:34'),
(305, 4, 35, NULL, '2021-06-25 13:17:34', '2021-06-25 13:17:34'),
(306, 2, 35, 1, '2021-06-25 13:17:34', '2021-06-25 13:17:34'),
(307, 1, 35, NULL, '2021-06-25 13:17:34', '2021-06-25 13:17:34'),
(352, 8, 44, NULL, '2021-07-06 08:13:23', '2021-07-06 08:13:23'),
(353, 3, 44, 1, '2021-07-06 08:13:23', '2021-07-06 08:13:23'),
(354, 4, 44, 3, '2021-07-06 08:13:23', '2021-07-06 08:13:23'),
(355, 2, 44, 1, '2021-07-06 08:13:23', '2021-07-06 08:13:23'),
(356, 1, 44, 6, '2021-07-06 08:13:23', '2021-07-06 08:13:23'),
(357, 15, 44, NULL, '2021-07-06 08:13:23', '2021-07-06 08:13:23'),
(358, 16, 44, NULL, '2021-07-06 08:13:23', '2021-07-06 08:13:23'),
(359, 8, 45, NULL, '2021-07-19 11:58:14', '2021-07-19 11:58:14'),
(360, 3, 45, 1, '2021-07-19 11:58:14', '2021-07-19 11:58:14'),
(361, 4, 45, 3, '2021-07-19 11:58:14', '2021-07-19 11:58:14'),
(362, 2, 45, 1, '2021-07-19 11:58:14', '2021-07-19 11:58:14'),
(363, 1, 45, 6, '2021-07-19 11:58:14', '2021-07-19 11:58:14'),
(364, 15, 45, NULL, '2021-07-19 11:58:14', '2021-07-19 11:58:14'),
(365, 16, 45, NULL, '2021-07-19 11:58:14', '2021-07-19 11:58:14'),
(367, 8, 1, 1, '2021-07-29 08:36:53', '2021-07-29 08:36:53'),
(368, 3, 1, 1, '2021-07-29 08:36:53', '2021-07-29 08:36:53'),
(369, 4, 1, NULL, '2021-07-29 08:36:53', '2021-07-29 08:36:53'),
(370, 2, 1, 3, '2021-07-29 08:36:53', '2021-07-29 08:36:53'),
(371, 1, 1, NULL, '2021-07-29 08:36:53', '2021-07-29 08:36:53'),
(373, 8, 32, NULL, '2021-07-29 08:37:31', '2021-07-29 08:37:31'),
(374, 3, 32, 1, '2021-07-29 08:37:31', '2021-07-29 08:37:31'),
(375, 4, 32, NULL, '2021-07-29 08:37:31', '2021-07-29 08:37:31'),
(376, 2, 32, 1, '2021-07-29 08:37:31', '2021-07-29 08:37:31'),
(377, 1, 32, NULL, '2021-07-29 08:37:31', '2021-07-29 08:37:31'),
(378, 4, 2, 5, '2021-07-29 08:37:42', '2021-07-29 08:37:42'),
(379, 3, 2, 6, '2021-07-29 08:37:42', '2021-07-29 08:37:42'),
(380, 8, 34, NULL, '2021-07-29 08:37:51', '2021-07-29 08:37:51'),
(381, 3, 34, NULL, '2021-07-29 08:37:51', '2021-07-29 08:37:51'),
(382, 4, 34, NULL, '2021-07-29 08:37:51', '2021-07-29 08:37:51'),
(383, 2, 34, 1, '2021-07-29 08:37:51', '2021-07-29 08:37:51'),
(384, 1, 34, NULL, '2021-07-29 08:37:51', '2021-07-29 08:37:51'),
(385, 3, 14, NULL, '2021-07-29 08:38:21', '2021-07-29 08:38:21'),
(386, 4, 14, NULL, '2021-07-29 08:38:21', '2021-07-29 08:38:21'),
(387, 1, 14, NULL, '2021-07-29 08:38:21', '2021-07-29 08:38:21'),
(388, 8, 14, NULL, '2021-07-29 08:38:21', '2021-07-29 08:38:21'),
(389, 2, 14, 1, '2021-07-29 08:38:21', '2021-07-29 08:38:21'),
(390, 3, 18, NULL, '2021-07-29 08:38:30', '2021-07-29 08:38:30'),
(391, 8, 16, NULL, '2021-07-29 08:38:40', '2021-07-29 08:38:40'),
(392, 3, 16, NULL, '2021-07-29 08:38:40', '2021-07-29 08:38:40'),
(393, 4, 16, NULL, '2021-07-29 08:38:40', '2021-07-29 08:38:40'),
(394, 2, 16, 1, '2021-07-29 08:38:40', '2021-07-29 08:38:40'),
(395, 1, 16, NULL, '2021-07-29 08:38:40', '2021-07-29 08:38:40'),
(396, 3, 28, 1, '2021-07-29 08:43:07', '2021-07-29 08:43:07'),
(410, 16, 46, NULL, '2021-07-30 16:44:50', '2021-07-30 16:44:50'),
(432, 8, 47, NULL, '2021-08-11 07:17:28', '2021-08-11 07:17:28'),
(433, 3, 47, 1, '2021-08-11 07:17:28', '2021-08-11 07:17:28'),
(434, 4, 47, 3, '2021-08-11 07:17:28', '2021-08-11 07:17:28'),
(435, 22, 47, NULL, '2021-08-11 07:17:28', '2021-08-11 07:17:28'),
(436, 2, 47, 1, '2021-08-11 07:17:28', '2021-08-11 07:17:28'),
(437, 1, 47, 6, '2021-08-11 07:17:28', '2021-08-11 07:17:28'),
(438, 15, 47, NULL, '2021-08-11 07:17:28', '2021-08-11 07:17:28'),
(439, 16, 47, NULL, '2021-08-11 07:17:28', '2021-08-11 07:17:28'),
(440, 17, 47, NULL, '2021-08-11 07:17:28', '2021-08-11 07:17:28'),
(510, 8, 36, NULL, '2021-08-30 15:32:19', '2021-08-30 15:32:19'),
(511, 4, 36, NULL, '2021-08-30 15:32:19', '2021-08-30 15:32:19'),
(512, 2, 36, 1, '2021-08-30 15:32:19', '2021-08-30 15:32:19'),
(513, 1, 36, NULL, '2021-08-30 15:32:19', '2021-08-30 15:32:19'),
(514, 15, 36, NULL, '2021-08-30 15:32:19', '2021-08-30 15:32:19'),
(515, 17, 36, NULL, '2021-08-30 15:32:19', '2021-08-30 15:32:19'),
(516, 3, 36, 1, '2021-08-30 15:32:19', '2021-08-30 15:32:19'),
(517, 22, 36, NULL, '2021-08-30 15:32:19', '2021-08-30 15:32:19'),
(518, 16, 36, NULL, '2021-08-30 15:32:19', '2021-08-30 15:32:19'),
(519, 1, 29, 1, '2021-09-01 12:25:53', '2021-09-01 12:25:53'),
(520, 3, 29, 1, '2021-09-01 12:25:53', '2021-09-01 12:25:53'),
(521, 8, 29, NULL, '2021-09-01 12:25:53', '2021-09-01 12:25:53'),
(522, 4, 29, 3, '2021-09-01 12:25:53', '2021-09-01 12:25:53'),
(523, 2, 29, 1, '2021-09-01 12:25:53', '2021-09-01 12:25:53'),
(524, 15, 29, NULL, '2021-09-01 12:25:53', '2021-09-01 12:25:53'),
(525, 8, 30, 3, '2021-09-16 11:10:27', '2021-09-16 11:10:27'),
(526, 3, 30, 3, '2021-09-16 11:10:27', '2021-09-16 11:10:27'),
(527, 4, 30, 3, '2021-09-16 11:10:27', '2021-09-16 11:10:27'),
(528, 2, 30, 3, '2021-09-16 11:10:27', '2021-09-16 11:10:27'),
(529, 1, 30, 3, '2021-09-16 11:10:27', '2021-09-16 11:10:27');

-- --------------------------------------------------------

--
-- Table structure for table `branch_timings`
--

CREATE TABLE `branch_timings` (
  `id` bigint(20) UNSIGNED NOT NULL,
  `branch_id` bigint(20) UNSIGNED NOT NULL,
  `day_of_week` tinyint(3) UNSIGNED NOT NULL,
  `is_closed` tinyint(1) NOT NULL DEFAULT '0',
  `starts_at` time NOT NULL,
  `ends_at` time NOT NULL,
  `created_at` timestamp NULL DEFAULT NULL,
  `updated_at` timestamp NULL DEFAULT NULL
) ENGINE=InnoDB DEFAULT CHARSET=utf8mb4 COLLATE=utf8mb4_unicode_ci;

--
-- Dumping data for table `branch_timings`
--

INSERT INTO `branch_timings` (`id`, `branch_id`, `day_of_week`, `is_closed`, `starts_at`, `ends_at`, `created_at`, `updated_at`) VALUES
(22, 18, 0, 0, '09:00:00', '18:00:00', '2021-07-20 09:50:25', '2021-07-20 09:50:25'),
(23, 18, 1, 0, '09:00:00', '18:00:00', '2021-07-20 09:50:25', '2021-07-20 09:50:25'),
(24, 18, 2, 0, '09:00:00', '18:00:00', '2021-07-20 09:50:25', '2021-07-20 09:50:25'),
(25, 18, 3, 0, '09:00:00', '18:00:00', '2021-07-20 09:50:25', '2021-07-20 09:50:25'),
(26, 18, 4, 0, '09:00:00', '18:00:00', '2021-07-20 09:50:25', '2021-07-20 09:50:25'),
(27, 18, 5, 0, '09:00:00', '18:00:00', '2021-07-20 09:50:25', '2021-07-20 09:50:25'),
(28, 18, 6, 0, '09:00:00', '18:00:00', '2021-07-20 09:50:25', '2021-07-20 09:50:25'),
(29, 19, 0, 0, '09:00:00', '18:00:00', '2021-07-20 09:52:21', '2021-07-20 09:52:21'),
(30, 19, 1, 0, '09:00:00', '18:00:00', '2021-07-20 09:52:21', '2021-07-20 09:52:21'),
(31, 19, 2, 0, '09:00:00', '18:00:00', '2021-07-20 09:52:21', '2021-07-20 09:52:21'),
(32, 19, 3, 0, '09:00:00', '18:00:00', '2021-07-20 09:52:21', '2021-07-20 09:52:21'),
(33, 19, 4, 0, '09:00:00', '18:00:00', '2021-07-20 09:52:21', '2021-07-20 09:52:21'),
(34, 19, 5, 0, '09:00:00', '18:00:00', '2021-07-20 09:52:21', '2021-07-20 09:52:21'),
(35, 19, 6, 0, '09:00:00', '18:00:00', '2021-07-20 09:52:21', '2021-07-20 09:52:21'),
(36, 20, 0, 0, '09:00:00', '18:00:00', '2021-07-20 09:54:07', '2021-07-20 09:54:07'),
(37, 20, 1, 0, '09:00:00', '18:00:00', '2021-07-20 09:54:07', '2021-07-20 09:54:07'),
(38, 20, 2, 0, '09:00:00', '18:00:00', '2021-07-20 09:54:07', '2021-07-20 09:54:07'),
(39, 20, 3, 0, '09:00:00', '18:00:00', '2021-07-20 09:54:07', '2021-07-20 09:54:07'),
(40, 20, 4, 0, '09:00:00', '18:00:00', '2021-07-20 09:54:07', '2021-07-20 09:54:07'),
(41, 20, 5, 0, '09:00:00', '18:00:00', '2021-07-20 09:54:07', '2021-07-20 09:54:07'),
(42, 20, 6, 0, '09:00:00', '18:00:00', '2021-07-20 09:54:07', '2021-07-20 09:54:07'),
(43, 10, 0, 0, '09:00:00', '18:00:00', '2021-07-20 10:01:37', '2021-07-20 10:01:37'),
(44, 10, 1, 0, '09:00:00', '18:00:00', '2021-07-20 10:01:37', '2021-07-20 10:01:37'),
(45, 10, 2, 0, '09:00:00', '18:00:00', '2021-07-20 10:01:37', '2021-07-20 10:01:37'),
(46, 10, 3, 0, '09:00:00', '18:00:00', '2021-07-20 10:01:37', '2021-07-20 10:01:37'),
(47, 10, 4, 0, '09:00:00', '18:00:00', '2021-07-20 10:01:37', '2021-07-20 10:01:37'),
(48, 10, 5, 0, '09:00:00', '18:00:00', '2021-07-20 10:01:37', '2021-07-20 10:01:37'),
(49, 10, 6, 0, '09:00:00', '18:00:00', '2021-07-20 10:01:37', '2021-07-20 10:01:37'),
(50, 17, 0, 0, '09:00:00', '18:00:00', '2021-07-26 10:21:58', '2021-07-26 10:21:58'),
(51, 17, 1, 0, '09:00:00', '19:00:00', '2021-07-26 10:21:58', '2021-07-26 10:21:58'),
(52, 17, 2, 0, '09:00:00', '18:00:00', '2021-07-26 10:21:58', '2021-07-26 10:21:58'),
(53, 17, 3, 0, '09:00:00', '18:00:00', '2021-07-26 10:21:58', '2021-07-26 10:21:58'),
(54, 17, 4, 0, '09:00:00', '18:00:00', '2021-07-26 10:21:58', '2021-07-26 10:21:58'),
(55, 17, 5, 0, '09:00:00', '18:00:00', '2021-07-26 10:21:58', '2021-07-26 10:21:58'),
(56, 17, 6, 0, '09:00:00', '18:00:00', '2021-07-26 10:21:58', '2021-07-26 10:21:58'),
(71, 16, 0, 1, '09:00:00', '18:00:00', '2021-07-30 16:17:15', '2021-07-30 16:17:15'),
(72, 16, 1, 0, '09:00:00', '18:00:00', '2021-07-30 16:17:15', '2021-07-30 16:17:15'),
(73, 16, 2, 0, '09:00:00', '18:00:00', '2021-07-30 16:17:15', '2021-07-30 16:17:15'),
(74, 16, 3, 0, '09:00:00', '18:00:00', '2021-07-30 16:17:15', '2021-07-30 16:17:15'),
(75, 16, 4, 0, '09:00:00', '18:00:00', '2021-07-30 16:17:15', '2021-07-30 16:17:15'),
(76, 16, 5, 0, '09:00:00', '18:00:00', '2021-07-30 16:17:15', '2021-07-30 16:17:15'),
(77, 16, 6, 0, '09:00:00', '18:00:00', '2021-07-30 16:17:15', '2021-07-30 16:17:15'),
(85, 21, 0, 1, '09:00:00', '18:00:00', '2021-08-04 06:44:26', '2021-08-04 06:44:26'),
(86, 21, 1, 0, '09:00:00', '18:00:00', '2021-08-04 06:44:26', '2021-08-04 06:44:26'),
(87, 21, 2, 0, '09:00:00', '18:00:00', '2021-08-04 06:44:26', '2021-08-04 06:44:26'),
(88, 21, 3, 0, '09:00:00', '18:00:00', '2021-08-04 06:44:26', '2021-08-04 06:44:26'),
(89, 21, 4, 0, '09:00:00', '18:00:00', '2021-08-04 06:44:26', '2021-08-04 06:44:26'),
(90, 21, 5, 0, '09:00:00', '18:00:00', '2021-08-04 06:44:26', '2021-08-04 06:44:26'),
(91, 21, 6, 1, '09:00:00', '18:00:00', '2021-08-04 06:44:26', '2021-08-04 06:44:26'),
(99, 22, 0, 1, '09:00:00', '18:00:00', '2021-08-04 10:19:34', '2021-08-04 10:19:34'),
(100, 22, 1, 0, '09:00:00', '18:00:00', '2021-08-04 10:19:34', '2021-08-04 10:19:34'),
(101, 22, 2, 0, '09:00:00', '18:00:00', '2021-08-04 10:19:34', '2021-08-04 10:19:34'),
(102, 22, 3, 0, '09:00:00', '18:00:00', '2021-08-04 10:19:34', '2021-08-04 10:19:34'),
(103, 22, 4, 0, '09:00:00', '18:00:00', '2021-08-04 10:19:34', '2021-08-04 10:19:34'),
(104, 22, 5, 0, '09:00:00', '18:00:00', '2021-08-04 10:19:34', '2021-08-04 10:19:34'),
(105, 22, 6, 1, '09:00:00', '18:00:00', '2021-08-04 10:19:34', '2021-08-04 10:19:34'),
(106, 4, 0, 1, '09:00:00', '18:00:00', '2021-08-04 10:26:28', '2021-08-04 10:26:28'),
(107, 4, 1, 0, '09:00:00', '18:00:00', '2021-08-04 10:26:28', '2021-08-04 10:26:28'),
(108, 4, 2, 0, '09:00:00', '18:00:00', '2021-08-04 10:26:28', '2021-08-04 10:26:28'),
(109, 4, 3, 0, '09:00:00', '18:00:00', '2021-08-04 10:26:28', '2021-08-04 10:26:28'),
(110, 4, 4, 0, '09:00:00', '18:00:00', '2021-08-04 10:26:28', '2021-08-04 10:26:28'),
(111, 4, 5, 1, '09:00:00', '18:00:00', '2021-08-04 10:26:28', '2021-08-04 10:26:28'),
(112, 4, 6, 0, '09:00:00', '18:00:00', '2021-08-04 10:26:28', '2021-08-04 10:26:28'),
(134, 8, 0, 1, '09:00:00', '18:00:00', '2021-09-02 07:11:09', '2021-09-02 07:11:09'),
(135, 8, 1, 0, '09:00:00', '18:00:00', '2021-09-02 07:11:09', '2021-09-02 07:11:09'),
(136, 8, 2, 0, '09:00:00', '18:00:00', '2021-09-02 07:11:09', '2021-09-02 07:11:09'),
(137, 8, 3, 0, '09:00:00', '18:00:00', '2021-09-02 07:11:09', '2021-09-02 07:11:09'),
(138, 8, 4, 0, '09:00:00', '18:00:00', '2021-09-02 07:11:09', '2021-09-02 07:11:09'),
(139, 8, 5, 0, '09:00:00', '18:00:00', '2021-09-02 07:11:09', '2021-09-02 07:11:09'),
(140, 8, 6, 0, '09:00:00', '18:00:00', '2021-09-02 07:11:09', '2021-09-02 07:11:09'),
(155, 3, 0, 1, '09:00:00', '18:00:00', '2021-09-17 05:03:42', '2021-09-17 05:03:42'),
(156, 3, 1, 0, '09:00:00', '18:00:00', '2021-09-17 05:03:42', '2021-09-17 05:03:42'),
(157, 3, 2, 0, '09:00:00', '18:00:00', '2021-09-17 05:03:42', '2021-09-17 05:03:42'),
(158, 3, 3, 0, '09:00:00', '18:00:00', '2021-09-17 05:03:42', '2021-09-17 05:03:42'),
(159, 3, 4, 0, '09:00:00', '18:00:00', '2021-09-17 05:03:42', '2021-09-17 05:03:42'),
(160, 3, 5, 0, '09:00:00', '18:00:00', '2021-09-17 05:03:42', '2021-09-17 05:03:42'),
(161, 3, 6, 0, '09:00:00', '18:00:00', '2021-09-17 05:03:42', '2021-09-17 05:03:42');

-- --------------------------------------------------------

--
-- Table structure for table `businesses`
--

CREATE TABLE `businesses` (
  `id` bigint(20) UNSIGNED NOT NULL,
  `name` varchar(100) COLLATE utf8mb4_unicode_ci NOT NULL,
  `slug` varchar(100) COLLATE utf8mb4_unicode_ci NOT NULL,
  `description` mediumtext COLLATE utf8mb4_unicode_ci,
  `country_id` bigint(20) UNSIGNED NOT NULL,
  `time_zone_id` bigint(20) UNSIGNED NOT NULL,
  `time_format` enum('12h','24h') COLLATE utf8mb4_unicode_ci NOT NULL,
  `week_start` enum('0','1','2','3','4','5','6') COLLATE utf8mb4_unicode_ci NOT NULL,
  `website` varchar(512) COLLATE utf8mb4_unicode_ci DEFAULT NULL,
  `facebook` varchar(512) COLLATE utf8mb4_unicode_ci DEFAULT NULL,
  `instagram` varchar(512) COLLATE utf8mb4_unicode_ci DEFAULT NULL,
  `linkedin` varchar(512) COLLATE utf8mb4_unicode_ci DEFAULT NULL,
  `is_tax_inclusive` tinyint(1) DEFAULT NULL,
  `staff_commission_logic` tinyint(3) UNSIGNED NOT NULL DEFAULT '1' COMMENT '1 = Calculate by item sale price before discount - 2 = Calculate by item sale price including tax',
  `is_active` tinyint(1) NOT NULL DEFAULT '1',
  `is_profile_complete` tinyint(1) DEFAULT '0',
  `sms_limit` mediumint(8) UNSIGNED DEFAULT '0',
  `default_branch_id` bigint(20) UNSIGNED DEFAULT NULL,
  `subscription_expires_at` timestamp NULL DEFAULT NULL,
  `subscription_package` enum('standard','premium') COLLATE utf8mb4_unicode_ci DEFAULT 'standard',
  `created_at` timestamp NULL DEFAULT NULL,
  `updated_at` timestamp NULL DEFAULT NULL
) ENGINE=InnoDB DEFAULT CHARSET=utf8mb4 COLLATE=utf8mb4_unicode_ci;

--
-- Dumping data for table `businesses`
--

INSERT INTO `businesses` (`id`, `name`, `slug`, `description`, `country_id`, `time_zone_id`, `time_format`, `week_start`, `website`, `facebook`, `instagram`, `linkedin`, `is_tax_inclusive`, `staff_commission_logic`, `is_active`, `is_profile_complete`, `sms_limit`, `default_branch_id`, `subscription_expires_at`, `subscription_package`, `created_at`, `updated_at`) VALUES
(1, 'Hairway Mens Saloooon', 'hairway-mens-saloon', 'Lorem Ipsum is simply dummy text of the printing and typesetting industry. Lorem Ipsum has been the industry\'s standard dummy text ever since the 1500s, when an unknown printer took a galley of type and scrambled it to make a type specimen book. It has survived not only five centuries, but also the leap into electronic typesetting, remaining essentially unchanged. It was popularised in the 1960s with the release of Letraset sheets containing Lorem Ipsum passages, and more recently with desktop publishing software like Aldus PageMaker including versions of Lorem Ipsum.', 1, 44, '12h', '1', NULL, NULL, NULL, NULL, 0, 1, 1, 1, 39, 3, '2022-09-01 23:59:59', 'premium', '2021-03-29 13:14:16', '2021-09-17 10:42:21'),
(2, 'THE BEAUTY SALOON', 'the-beauty-saloon', 'Lorem Ipsum is simply dummy text of the printing and typesetting industry. Lorem Ipsum has been the industry\'s standard dummy text ever since the 1500s, when an unknown printer took a galley of type and scrambled it to make a type specimen book. It has survived not only five centuries, but also the leap into electronic typesetting, remaining essentially unchanged. It was popularised in the 1960s with the release of Letraset sheets containing Lorem Ipsum passages, and more recently with desktop publishing software like Aldus PageMaker including versions of Lorem Ipsum.', 1, 44, '12h', '0', NULL, NULL, NULL, NULL, NULL, 1, 1, 1, 100, NULL, '2021-09-30 00:00:00', 'standard', '2021-04-27 11:13:35', '2021-07-20 09:54:07'),
(3, 'Quetta Hair Saloon', 'quetta-hair-saloon', 'Lorem Ipsum is simply dummy text of the printing and typesetting industry. Lorem Ipsum has been the industry\'s standard dummy text ever since the 1500s, when an unknown printer took a galley of type and scrambled it to make a type specimen book. It has survived not only five centuries, but also the leap into electronic typesetting, remaining essentially unchanged. It was popularised in the 1960s with the release of Letraset sheets containing Lorem Ipsum passages, and more recently with desktop publishing software like Aldus PageMaker including versions of Lorem Ipsum.', 1, 44, '12h', '0', NULL, NULL, NULL, NULL, NULL, 1, 1, 0, 100, NULL, '2021-09-25 00:00:00', 'standard', '2021-04-27 11:39:12', '2021-04-27 11:39:12'),
(4, 'Hydery Saloon', 'hydery-saloon', 'Lorem Ipsum is simply dummy text of the printing and typesetting industry. Lorem Ipsum has been the industry\'s standard dummy text ever since the 1500s, when an unknown printer took a galley of type and scrambled it to make a type specimen book. It has survived not only five centuries, but also the leap into electronic typesetting, remaining essentially unchanged. It was popularised in the 1960s with the release of Letraset sheets containing Lorem Ipsum passages, and more recently with desktop publishing software like Aldus PageMaker including versions of Lorem Ipsum.', 1, 44, '12h', '0', NULL, NULL, NULL, NULL, NULL, 1, 1, 0, 100, NULL, '2021-09-15 00:00:00', 'standard', '2021-04-27 12:14:51', '2021-04-27 12:14:51'),
(5, 'New Hair Desire', 'new-hair-desire', 'Lorem Ipsum is simply dummy text of the printing and typesetting industry. Lorem Ipsum has been the industry\'s standard dummy text ever since the 1500s, when an unknown printer took a galley of type and scrambled it to make a type specimen book. It has survived not only five centuries, but also the leap into electronic typesetting, remaining essentially unchanged. It was popularised in the 1960s with the release of Letraset sheets containing Lorem Ipsum passages, and more recently with desktop publishing software like Aldus PageMaker including versions of Lorem Ipsum.', 1, 44, '12h', '0', NULL, NULL, NULL, NULL, NULL, 1, 1, 0, 100, NULL, '2021-10-06 00:00:00', 'standard', '2021-07-02 14:54:12', '2021-07-02 14:54:12'),
(8, 'Burger Wala', 'burger-wala', NULL, 1, 44, '12h', '0', NULL, NULL, NULL, NULL, 0, 1, 1, 1, 100, NULL, '2021-09-15 00:00:00', 'standard', '2021-08-03 11:12:17', '2021-08-03 14:56:22');

-- --------------------------------------------------------

--
-- Table structure for table `cancellation_reasons`
--

CREATE TABLE `cancellation_reasons` (
  `id` bigint(20) UNSIGNED NOT NULL,
  `business_id` bigint(20) UNSIGNED NOT NULL,
  `reason` text COLLATE utf8mb4_unicode_ci NOT NULL,
  `created_at` timestamp NULL DEFAULT NULL,
  `updated_at` timestamp NULL DEFAULT NULL
) ENGINE=InnoDB DEFAULT CHARSET=utf8mb4 COLLATE=utf8mb4_unicode_ci;

--
-- Dumping data for table `cancellation_reasons`
--

INSERT INTO `cancellation_reasons` (`id`, `business_id`, `reason`, `created_at`, `updated_at`) VALUES
(3, 8, 'Appointment made by mistake', '2021-08-03 11:12:17', '2021-08-03 11:12:17');

-- --------------------------------------------------------

--
-- Table structure for table `cities`
--

CREATE TABLE `cities` (
  `id` bigint(20) UNSIGNED NOT NULL,
  `name` varchar(100) COLLATE utf8mb4_unicode_ci NOT NULL,
  `state_id` bigint(20) UNSIGNED NOT NULL,
  `is_active` tinyint(1) UNSIGNED DEFAULT NULL
) ENGINE=InnoDB DEFAULT CHARSET=utf8mb4 COLLATE=utf8mb4_unicode_ci;

--
-- Dumping data for table `cities`
--

INSERT INTO `cities` (`id`, `name`, `state_id`, `is_active`) VALUES
(1, 'Adilpur', 1, 0),
(2, 'Badah', 1, 0),
(3, 'Badin', 1, 0),
(4, 'Bagarji', 1, 0),
(5, 'Bakshshapur', 1, 0),
(6, 'Bandhi', 1, 0),
(7, 'Berani', 1, 0),
(8, 'Bhan', 1, 0),
(9, 'Bhiria City', 1, 0),
(10, 'Bhiria Road', 1, 0),
(11, 'Bhit Shah', 1, 0),
(12, 'Bozdar', 1, 0),
(13, 'Bulri', 1, 0),
(14, 'Chak', 1, 0),
(15, 'Chambar', 1, 0),
(16, 'Chohar Jamali', 1, 0),
(17, 'Chor', 1, 0),
(18, 'Dadu', 1, 0),
(19, 'Daharki', 1, 0),
(20, 'Daro', 1, 0),
(21, 'Darya Khan Mari', 1, 0),
(22, 'Daulatpur', 1, 0),
(23, 'Daur', 1, 0),
(24, 'Dhoronaro', 1, 0),
(25, 'Digri', 1, 0),
(26, 'Diplo', 1, 0),
(27, 'Dokri', 1, 0),
(28, 'Faqirabad', 1, 0),
(29, 'Gambat', 1, 0),
(30, 'Garello', 1, 0),
(31, 'Garhi Khairo', 1, 0),
(32, 'Garhi Yasin', 1, 0),
(33, 'Gharo', 1, 0),
(34, 'Ghauspur', 1, 0),
(35, 'Ghotki', 1, 0),
(36, 'Golarchi', 1, 0),
(37, 'Guddu', 1, 0),
(38, 'Gulistan-E-Jauhar', 1, 0),
(39, 'Hala', 1, 0),
(40, 'Hingorja', 1, 0),
(41, 'Hyderabad', 1, 0),
(42, 'Islamkot', 1, 0),
(43, 'Jacobabad', 1, 0),
(44, 'Jam Nawaz Ali', 1, 0),
(45, 'Jam Sahib', 1, 0),
(46, 'Jati', 1, 0),
(47, 'Jhol', 1, 0),
(48, 'Jhudo', 1, 0),
(49, 'Johi', 1, 0),
(50, 'Kadhan', 1, 0),
(51, 'Kambar', 1, 0),
(52, 'Kandhra', 1, 0),
(53, 'Kandiari', 1, 0),
(54, 'Kandiaro', 1, 0),
(55, 'Karachi', 1, 1),
(56, 'Karampur', 1, 0),
(57, 'Kario Ghanwar', 1, 0),
(58, 'Karoondi', 1, 0),
(59, 'Kashmor', 1, 0),
(60, 'Kazi Ahmad', 1, 0),
(61, 'Keti Bandar', 1, 0),
(62, 'Khadro', 1, 0),
(63, 'Khairpur', 1, 0),
(64, 'Khairpur Nathan Shah', 1, 0),
(65, 'Khandh Kot', 1, 0),
(66, 'Khanpur', 1, 0),
(67, 'Khipro', 1, 0),
(68, 'Khoski', 1, 0),
(69, 'Khuhra', 1, 0),
(70, 'Khyber', 1, 0),
(71, 'Kot Diji', 1, 0),
(72, 'Kot Ghulam Mohammad', 1, 0),
(73, 'Kotri', 1, 0),
(74, 'Kumb', 1, 0),
(75, 'Kunri', 1, 0),
(76, 'Lakhi', 1, 0),
(77, 'Larkana', 1, 0),
(78, 'Madeji', 1, 0),
(79, 'Matiari', 1, 0),
(80, 'Matli', 1, 0),
(81, 'Mehar', 1, 0),
(82, 'Mehrabpur', 1, 0),
(83, 'Miro Khan', 1, 0),
(84, 'Mirpur Bathoro', 1, 0),
(85, 'Mirpur Khas', 1, 0),
(86, 'Mirpur Mathelo', 1, 0),
(87, 'Mirpur Sakro', 1, 0),
(88, 'Mirwah', 1, 0),
(89, 'Mithi', 1, 0),
(90, 'Moro', 1, 0),
(91, 'Nabisar', 1, 0),
(92, 'Nasarpur', 1, 0),
(93, 'Nasirabad', 1, 0),
(94, 'Naudero', 1, 0),
(95, 'Naukot', 1, 0),
(96, 'Naushahro Firoz', 1, 0),
(97, 'Nawabshah', 1, 0),
(98, 'Oderolal Station', 1, 0),
(99, 'Pacca Chang', 1, 0),
(100, 'Padidan', 1, 0),
(101, 'Pano Aqil', 1, 0),
(102, 'Perumal', 1, 0),
(103, 'Phulji', 1, 0),
(104, 'Pirjo Goth', 1, 0),
(105, 'Piryaloi', 1, 0),
(106, 'Pithoro', 1, 0),
(107, 'Radhan', 1, 0),
(108, 'Rajo Khanani', 1, 0),
(109, 'Ranipur', 1, 0),
(110, 'Ratodero', 1, 0),
(111, 'Rohri', 1, 0),
(112, 'Rustam', 1, 0),
(113, 'Saeedabad', 1, 0),
(114, 'Sakrand', 1, 0),
(115, 'Samaro', 1, 0),
(116, 'Sanghar', 1, 0),
(117, 'Sann', 1, 0),
(118, 'Sarhari', 1, 0),
(119, 'Sehwan', 1, 0),
(120, 'Setharja', 1, 0),
(121, 'Shah Dipalli', 1, 0),
(122, 'Shahdadkot', 1, 0),
(123, 'Shahdadpur', 1, 0),
(124, 'Shahpur Chakar', 1, 0),
(125, 'Shahpur Jahania', 1, 0),
(126, 'Shikarpur', 1, 0),
(127, 'Sinjhoro', 1, 0),
(128, 'Sita Road', 1, 0),
(129, 'Sobhodero', 1, 0),
(130, 'Sujawal', 1, 0),
(131, 'Sukkur', 1, 0),
(132, 'Talhar', 1, 0),
(133, 'Tando Adam', 1, 0),
(134, 'Tando Allah Yar', 1, 0),
(135, 'Tando Bagho', 1, 0),
(136, 'Tando Ghulam Ali', 1, 0),
(137, 'Tando Jam', 1, 0),
(138, 'Tando Jan Mohammad', 1, 0),
(139, 'Tando Mitha Khan', 1, 0),
(140, 'Tando Muhammad Khan', 1, 0),
(141, 'Tangwani', 1, 0),
(142, 'Thano Bula Khan', 1, 0),
(143, 'Thari Mirwah', 1, 0),
(144, 'Tharushah', 1, 0),
(145, 'Thatta', 1, 0),
(146, 'Ther I', 1, 0),
(147, 'Ther I Mohabat', 1, 0),
(148, 'Thul', 1, 0),
(149, 'Ubauro', 1, 0),
(150, 'Umarkot', 1, 0),
(151, 'Warah', 1, 0),
(152, 'Abohar', 2, 0),
(153, 'Adampur', 2, 0),
(154, 'Ahmedgarh', 2, 0),
(155, 'Ajnala', 2, 0),
(156, 'Akalgarh', 2, 0),
(157, 'Alawalpur', 2, 0),
(158, 'Amloh', 2, 0),
(159, 'Amritsar', 2, 0),
(160, 'Amritsar Cantonment', 2, 0),
(161, 'Anandpur Sahib', 2, 0),
(162, 'Badhni Kalan', 2, 0),
(163, 'Bagh Purana', 2, 0),
(164, 'Balachaur', 2, 0),
(165, 'Banaur', 2, 0),
(166, 'Banga', 2, 0),
(167, 'Banur', 2, 0),
(168, 'Baretta', 2, 0),
(169, 'Bariwala', 2, 0),
(170, 'Barnala', 2, 0),
(171, 'Bassi Pathana', 2, 0),
(172, 'Batala', 2, 0),
(173, 'Bathinda', 2, 0),
(174, 'Begowal', 2, 0),
(175, 'Behrampur', 2, 0),
(176, 'Bhabat', 2, 0),
(177, 'Bhadur', 2, 0),
(178, 'Bhankharpur', 2, 0),
(179, 'Bharoli Kalan', 2, 0),
(180, 'Bhawanigarh', 2, 0),
(181, 'Bhikhi', 2, 0),
(182, 'Bhikhiwind', 2, 0),
(183, 'Bhisiana', 2, 0),
(184, 'Bhogpur', 2, 0),
(185, 'Bhuch', 2, 0),
(186, 'Bhulath', 2, 0),
(187, 'Budha Theh', 2, 0),
(188, 'Budhlada', 2, 0),
(189, 'Chima', 2, 0),
(190, 'Chohal', 2, 0),
(191, 'Dasuya', 2, 0),
(192, 'Daulatpur', 2, 0),
(193, 'Dera Baba Nanak', 2, 0),
(194, 'Dera Bassi', 2, 0),
(195, 'Dhanaula', 2, 0),
(196, 'Dharam Kot', 2, 0),
(197, 'Dhariwal', 2, 0),
(198, 'Dhilwan', 2, 0),
(199, 'Dhuri', 2, 0),
(200, 'Dinanagar', 2, 0),
(201, 'Dirba', 2, 0),
(202, 'Doraha', 2, 0),
(203, 'Faridkot', 2, 0),
(204, 'Fateh Nangal', 2, 0),
(205, 'Fatehgarh Churian', 2, 0),
(206, 'Fatehgarh Sahib', 2, 0),
(207, 'Fazilka', 2, 0),
(208, 'Firozpur', 2, 0),
(209, 'Firozpur Cantonment', 2, 0),
(210, 'Gardhiwala', 2, 0),
(211, 'Garhshankar', 2, 0),
(212, 'Ghagga', 2, 0),
(213, 'Ghanaur', 2, 0),
(214, 'Giddarbaha', 2, 0),
(215, 'Gobindgarh', 2, 0),
(216, 'Goniana', 2, 0),
(217, 'Goraya', 2, 0),
(218, 'Gurdaspur', 2, 0),
(219, 'Guru Har Sahai', 2, 0),
(220, 'Hajipur', 2, 0),
(221, 'Handiaya', 2, 0),
(222, 'Hariana', 2, 0),
(223, 'Hoshiarpur', 2, 0),
(224, 'Hussainpur', 2, 0),
(225, 'Jagraon', 2, 0),
(226, 'Jaitu', 2, 0),
(227, 'Jalalabad', 2, 0),
(228, 'Jalandhar', 2, 0),
(229, 'Jalandhar Cantonment', 2, 0),
(230, 'Jandiala', 2, 0),
(231, 'Jugial', 2, 0),
(232, 'Kalanaur', 2, 0),
(233, 'Kapurthala', 2, 0),
(234, 'Karoran', 2, 0),
(235, 'Kartarpur', 2, 0),
(236, 'Khamanon', 2, 0),
(237, 'Khanauri', 2, 0),
(238, 'Khanna', 2, 0),
(239, 'Kharar', 2, 0),
(240, 'Khem Karan', 2, 0),
(241, 'Kot Fatta', 2, 0),
(242, 'Kot Isa Khan', 2, 0),
(243, 'Kot Kapura', 2, 0),
(244, 'Kotkapura', 2, 0),
(245, 'Kurali', 2, 0),
(246, 'Lalru', 2, 0),
(247, 'Lehra Gaga', 2, 0),
(248, 'Lodhian Khas', 2, 0),
(249, 'Longowal', 2, 0),
(250, 'Ludhiana', 2, 0),
(251, 'Machhiwara', 2, 0),
(252, 'Mahilpur', 2, 0),
(253, 'Majitha', 2, 0),
(254, 'Makhu', 2, 0),
(255, 'Malaut', 2, 0),
(256, 'Malerkotla', 2, 0),
(257, 'Maloud', 2, 0),
(258, 'Mandi Gobindgarh', 2, 0),
(259, 'Mansa', 2, 0),
(260, 'Maur', 2, 0),
(261, 'Moga', 2, 0),
(262, 'Mohali', 2, 0),
(263, 'Moonak', 2, 0),
(264, 'Morinda', 2, 0),
(265, 'Mukerian', 2, 0),
(266, 'Muktsar', 2, 0),
(267, 'Mullanpur Dakha', 2, 0),
(268, 'Mullanpur Garibdas', 2, 0),
(269, 'Munak', 2, 0),
(270, 'Muradpura', 2, 0),
(271, 'Nabha', 2, 0),
(272, 'Nakodar', 2, 0),
(273, 'Nangal', 2, 0),
(274, 'Nawashahr', 2, 0),
(275, 'Naya Nangal', 2, 0),
(276, 'Nehon', 2, 0),
(277, 'Nurmahal', 2, 0),
(278, 'Pathankot', 2, 0),
(279, 'Patiala', 2, 0),
(280, 'Patti', 2, 0),
(281, 'Pattran', 2, 0),
(282, 'Payal', 2, 0),
(283, 'Phagwara', 2, 0),
(284, 'Phillaur', 2, 0),
(285, 'Qadian', 2, 0),
(286, 'Rahon', 2, 0),
(287, 'Raikot', 2, 0),
(288, 'Raja Sansi', 2, 0),
(289, 'Rajpura', 2, 0),
(290, 'Ram Das', 2, 0),
(291, 'Raman', 2, 0),
(292, 'Rampura', 2, 0),
(293, 'Rayya', 2, 0),
(294, 'Rupnagar', 2, 0),
(295, 'Rurki Kasba', 2, 0),
(296, 'Sahnewal', 2, 0),
(297, 'Samana', 2, 0),
(298, 'Samrala', 2, 0),
(299, 'Sanaur', 2, 0),
(300, 'Sangat', 2, 0),
(301, 'Sangrur', 2, 0),
(302, 'Sansarpur', 2, 0),
(303, 'Sardulgarh', 2, 0),
(304, 'Shahkot', 2, 0),
(305, 'Sham Churasi', 2, 0),
(306, 'Shekhpura', 2, 0),
(307, 'Sirhind', 2, 0),
(308, 'Sri Hargobindpur', 2, 0),
(309, 'Sujanpur', 2, 0),
(310, 'Sultanpur Lodhi', 2, 0),
(311, 'Sunam', 2, 0),
(312, 'Talwandi Bhai', 2, 0),
(313, 'Talwara', 2, 0),
(314, 'Tappa', 2, 0),
(315, 'Tarn Taran', 2, 0),
(316, 'Urmar Tanda', 2, 0),
(317, 'Zira', 2, 0),
(318, 'Zirakpur', 2, 0),
(319, 'Abdul Hakim', 2, 0),
(320, 'Ahmadpur East', 2, 0),
(321, 'Ahmadpur Lumma', 2, 0),
(322, 'Ahmadpur Sial', 2, 0),
(323, 'Ahmedabad', 2, 0),
(324, 'Alipur', 2, 0),
(325, 'Alipur Chatha', 2, 0),
(326, 'Arifwala', 2, 0),
(327, 'Attock', 2, 0),
(328, 'Baddomalhi', 2, 0),
(329, 'Bagh', 2, 0),
(330, 'Bahawalnagar', 2, 0),
(331, 'Bahawalpur', 2, 0),
(332, 'Bai Pheru', 2, 0),
(333, 'Basirpur', 2, 0),
(334, 'Begowala', 2, 0),
(335, 'Bhakkar', 2, 0),
(336, 'Bhalwal', 2, 0),
(337, 'Bhawana', 2, 0),
(338, 'Bhera', 2, 0),
(339, 'Bhopalwala', 2, 0),
(340, 'Burewala', 2, 0),
(341, 'Chak Azam Sahu', 2, 0),
(342, 'Chak Jhumra', 2, 0),
(343, 'Chak Sarwar Shahid', 2, 0),
(344, 'Chakwal', 2, 0),
(345, 'Chawinda', 2, 0),
(346, 'Chichawatni', 2, 0),
(347, 'Chiniot', 2, 0),
(348, 'Chishtian Mandi', 2, 0),
(349, 'Choa Saidan Shah', 2, 0),
(350, 'Chuhar Kana', 2, 0),
(351, 'Chunian', 2, 0),
(352, 'Dajal', 2, 0),
(353, 'Darya Khan', 2, 0),
(354, 'Daska', 2, 0),
(355, 'Daud Khel', 2, 0),
(356, 'Daultala', 2, 0),
(357, 'Dera Din Panah', 2, 0),
(358, 'Dera Ghazi Khan', 2, 0),
(359, 'Dhanote', 2, 0),
(360, 'Dhonkal', 2, 0),
(361, 'Dijkot', 2, 0),
(362, 'Dina', 2, 0),
(363, 'Dinga', 2, 0),
(364, 'Dipalpur', 2, 0),
(365, 'Dullewala', 2, 0),
(366, 'Dunga Bunga', 2, 0),
(367, 'Dunyapur', 2, 0),
(368, 'Eminabad', 2, 0),
(369, 'Faisalabad', 2, 0),
(370, 'Faqirwali', 2, 0),
(371, 'Faruka', 2, 0),
(372, 'Fateh Jang', 2, 0),
(373, 'Fatehpur', 2, 0),
(374, 'Fazalpur', 2, 0),
(375, 'Ferozwala', 2, 0),
(376, 'Fort Abbas', 2, 0),
(377, 'Garh Maharaja', 2, 0),
(378, 'Ghakar', 2, 0),
(379, 'Ghurgushti', 2, 0),
(380, 'Gojra', 2, 0),
(381, 'Gujar Khan', 2, 0),
(382, 'Gujranwala', 2, 0),
(383, 'Gujrat', 2, 0),
(384, 'Hadali', 2, 0),
(385, 'Hafizabad', 2, 0),
(386, 'Harnoli', 2, 0),
(387, 'Harunabad', 2, 0),
(388, 'Hasan Abdal', 2, 0),
(389, 'Hasilpur', 2, 0),
(390, 'Haveli', 2, 0),
(391, 'Hazro', 2, 0),
(392, 'Hujra Shah Muqim', 2, 0),
(393, 'Isa Khel', 2, 0),
(394, 'Jahanian', 2, 0),
(395, 'Jalalpur Bhattian', 2, 0),
(396, 'Jalalpur Jattan', 2, 0),
(397, 'Jalalpur Pirwala', 2, 0),
(398, 'Jalla Jeem', 2, 0),
(399, 'Jamke Chima', 2, 0),
(400, 'Jampur', 2, 0),
(401, 'Jand', 2, 0),
(402, 'Jandanwala', 2, 0),
(403, 'Jandiala Sherkhan', 2, 0),
(404, 'Jaranwala', 2, 0),
(405, 'Jatoi', 2, 0),
(406, 'Jauharabad', 2, 0),
(407, 'Jhang', 2, 0),
(408, 'Jhawarian', 2, 0),
(409, 'Jhelum', 2, 0),
(410, 'Kabirwala', 2, 0),
(411, 'Kahna Nau', 2, 0),
(412, 'Kahror Pakka', 2, 0),
(413, 'Kahuta', 2, 0),
(414, 'Kalabagh', 2, 0),
(415, 'Kalaswala', 2, 0),
(416, 'Kaleke', 2, 0),
(417, 'Kalur Kot', 2, 0),
(418, 'Kamalia', 2, 0),
(419, 'Kamar Mashani', 2, 0),
(420, 'Kamir', 2, 0),
(421, 'Kamoke', 2, 0),
(422, 'Kamra', 2, 0),
(423, 'Kanganpur', 2, 0),
(424, 'Karampur', 2, 0),
(425, 'Karor Lal Esan', 2, 0),
(426, 'Kasur', 2, 0),
(427, 'Khairpur Tamewali', 2, 0),
(428, 'Khanewal', 2, 0),
(429, 'Khangah Dogran', 2, 0),
(430, 'Khangarh', 2, 0),
(431, 'Khanpur', 2, 0),
(432, 'Kharian', 2, 0),
(433, 'Khewra', 2, 0),
(434, 'Khundian', 2, 0),
(435, 'Khurianwala', 2, 0),
(436, 'Khushab', 2, 0),
(437, 'Kot Abdul Malik', 2, 0),
(438, 'Kot Addu', 2, 0),
(439, 'Kot Mithan', 2, 0),
(440, 'Kot Moman', 2, 0),
(441, 'Kot Radha Kishan', 2, 0),
(442, 'Kot Samaba', 2, 0),
(443, 'Kotli Loharan', 2, 0),
(444, 'Kundian', 2, 0),
(445, 'Kunjah', 2, 0),
(446, 'Lahore', 2, 1),
(447, 'Lalamusa', 2, 0),
(448, 'Lalian', 2, 0),
(449, 'Liaqatabad', 2, 0),
(450, 'Liaqatpur', 2, 0),
(451, 'Lieah', 2, 0),
(452, 'Liliani', 2, 0),
(453, 'Lodhran', 2, 0),
(454, 'Ludhewala Waraich', 2, 0),
(455, 'Mailsi', 2, 0),
(456, 'Makhdumpur', 2, 0),
(457, 'Makhdumpur Rashid', 2, 0),
(458, 'Malakwal', 2, 0),
(459, 'Mamu Kanjan', 2, 0),
(460, 'Mananwala Jodh Singh', 2, 0),
(461, 'Mandi Bahauddin', 2, 0),
(462, 'Mandi Sadiq Ganj', 2, 0),
(463, 'Mangat', 2, 0),
(464, 'Mangla', 2, 0),
(465, 'Mankera', 2, 0),
(466, 'Mian Channun', 2, 0),
(467, 'Miani', 2, 0),
(468, 'Mianwali', 2, 0),
(469, 'Minchinabad', 2, 0),
(470, 'Mitha Tiwana', 2, 0),
(471, 'Multan', 2, 0),
(472, 'Muridke', 2, 0),
(473, 'Murree', 2, 0),
(474, 'Mustafabad', 2, 0),
(475, 'Muzaffargarh', 2, 0),
(476, 'Nankana Sahib', 2, 0),
(477, 'Narang', 2, 0),
(478, 'Narowal', 2, 0),
(479, 'Noorpur Thal', 2, 0),
(480, 'Nowshera', 2, 0),
(481, 'Nowshera Virkan', 2, 0),
(482, 'Okara', 2, 0),
(483, 'Pakpattan', 2, 0),
(484, 'Pasrur', 2, 0),
(485, 'Pattoki', 2, 0),
(486, 'Phalia', 2, 0),
(487, 'Phularwan', 2, 0),
(488, 'Pind Dadan Khan', 2, 0),
(489, 'Pindi Bhattian', 2, 0),
(490, 'Pindi Gheb', 2, 0),
(491, 'Pirmahal', 2, 0),
(492, 'Qadirabad', 2, 0),
(493, 'Qadirpur Ran', 2, 0),
(494, 'Qila Disar Singh', 2, 0),
(495, 'Qila Sobha Singh', 2, 0),
(496, 'Quaidabad', 2, 0),
(497, 'Rabwah', 2, 0),
(498, 'Rahim Yar Khan', 2, 0),
(499, 'Raiwind', 2, 0),
(500, 'Raja Jang', 2, 0),
(501, 'Rajanpur', 2, 0),
(502, 'Rasulnagar', 2, 0),
(503, 'Rawalpindi', 2, 0),
(504, 'Renala Khurd', 2, 0),
(505, 'Rojhan', 2, 0),
(506, 'Saddar Gogera', 2, 0),
(507, 'Sadiqabad', 2, 0),
(508, 'Safdarabad', 2, 0),
(509, 'Sahiwal', 2, 0),
(510, 'Samasatta', 2, 0),
(511, 'Sambrial', 2, 0),
(512, 'Sammundri', 2, 0),
(513, 'Sangala Hill', 2, 0),
(514, 'Sanjwal', 2, 0),
(515, 'Sarai Alamgir', 2, 0),
(516, 'Sarai Sidhu', 2, 0),
(517, 'Sargodha', 2, 0),
(518, 'Shadiwal', 2, 0),
(519, 'Shahkot', 2, 0),
(520, 'Shahpur City', 2, 0),
(521, 'Shahpur Saddar', 2, 0),
(522, 'Shakargarh', 2, 0),
(523, 'Sharqpur', 2, 0),
(524, 'Shehr Sultan', 2, 0),
(525, 'Shekhupura', 2, 0),
(526, 'Shujaabad', 2, 0),
(527, 'Sialkot', 2, 0),
(528, 'Sillanwali', 2, 0),
(529, 'Sodhra', 2, 0),
(530, 'Sohawa', 2, 0),
(531, 'Sukheke', 2, 0),
(532, 'Talagang', 2, 0),
(533, 'Tandlianwala', 2, 0),
(534, 'Taunsa', 2, 0),
(535, 'Taxila', 2, 0),
(536, 'Tibba Sultanpur', 2, 0),
(537, 'Toba Tek Singh', 2, 0),
(538, 'Tulamba', 2, 0),
(539, 'Uch', 2, 0),
(540, 'Vihari', 2, 0),
(541, 'Wah', 2, 0),
(542, 'Warburton', 2, 0),
(543, 'Wazirabad', 2, 0),
(544, 'Yazman', 2, 0),
(545, 'Zafarwal', 2, 0),
(546, 'Zahir Pir', 2, 0),
(547, 'Barkhan', 3, 0),
(548, 'Bela', 3, 0),
(549, 'Bhag', 3, 0),
(550, 'Chaman', 3, 0),
(551, 'Chitkan', 3, 0),
(552, 'Dalbandin', 3, 0),
(553, 'Dera Allah Yar', 3, 0),
(554, 'Dera Bugti', 3, 0),
(555, 'Dera Murad Jamali', 3, 0),
(556, 'Dhadar', 3, 0),
(557, 'Duki', 3, 0),
(558, 'Gaddani', 3, 0),
(559, 'Gwadar', 3, 0),
(560, 'Harnai', 3, 0),
(561, 'Hub', 3, 0),
(562, 'Jiwani', 3, 0),
(563, 'Kalat', 3, 0),
(564, 'Kharan', 3, 0),
(565, 'Khuzdar', 3, 0),
(566, 'Kohlu', 3, 0),
(567, 'Loralai', 3, 0),
(568, 'Mach', 3, 0),
(569, 'Mastung', 3, 0),
(570, 'Nushki', 3, 0),
(571, 'Ormara', 3, 0),
(572, 'Pasni', 3, 0),
(573, 'Pishin', 3, 0),
(574, 'Quetta', 3, 0),
(575, 'Sibi', 3, 0),
(576, 'Sohbatpur', 3, 0),
(577, 'Surab', 3, 0),
(578, 'Turbat', 3, 0),
(579, 'Usta Muhammad', 3, 0),
(580, 'Uthal', 3, 0),
(581, 'Wadh', 3, 0),
(582, 'Winder', 3, 0),
(583, 'Zehri', 3, 0),
(584, 'Zhob', 3, 0),
(585, 'Ziarat', 3, 0),
(586, 'Peshawar', 4, 0),
(587, 'Mardan', 4, 0),
(588, 'Mingora', 4, 0),
(589, 'Kohat', 4, 0),
(590, 'Dera Ismail Khan', 4, 0),
(591, 'Abbottabad', 4, 0),
(592, 'Mansehra', 4, 0),
(593, 'Swabi', 4, 0),
(594, 'Nowshera', 4, 0),
(595, 'Kabal', 4, 0),
(596, 'Charsadda', 4, 0),
(597, 'Barikot', 4, 0),
(598, 'Shabqadar', 4, 0),
(599, 'Haripur', 4, 0),
(600, 'Takht-i-Bahi', 4, 0),
(601, 'Paharpur', 4, 0),
(602, 'Batkhela', 4, 0),
(603, 'Jamrud', 4, 0),
(604, 'Bahrain', 4, 0),
(605, 'Lakki Marwat', 4, 0),
(606, 'Pabbi', 4, 0),
(607, 'Topi', 4, 0),
(608, 'Jehangira', 4, 0),
(609, 'Karak', 4, 0),
(610, 'Bannu', 4, 0),
(611, 'Chitral', 4, 0),
(612, 'Hangu', 4, 0),
(613, 'Havelian', 4, 0),
(614, 'Khwazakhela', 4, 0),
(615, 'Khalabat', 4, 0),
(616, 'Tank', 4, 0),
(617, 'Dir', 4, 0),
(618, 'Matta', 4, 0),
(619, 'Tordher', 4, 0),
(620, 'Timargara', 4, 0),
(621, 'Paroa', 4, 0),
(622, 'Amangarh', 4, 0),
(623, 'Risalpur', 4, 0),
(624, 'Nawan Shehr', 4, 0),
(625, 'Sadda', 4, 0),
(626, 'Landi Kotal', 4, 0),
(627, 'Tangi', 4, 0),
(628, 'Akora Khattak', 4, 0),
(629, 'Tall', 4, 0),
(630, 'Zaida', 4, 0),
(631, 'Islamabad', 5, 1),
(632, 'Gilgit', 6, 0),
(633, 'Skardu', 6, 0),
(634, 'Khaplu', 6, 0),
(635, 'Dambudas', 6, 0),
(636, 'Tolti', 6, 0),
(637, 'Eidghah', 6, 0),
(638, 'Shigar', 6, 0),
(639, 'Nagarkhas', 6, 0),
(640, 'Ishkoman', 6, 0),
(641, 'Juglot', 6, 0),
(642, 'Danyor', 6, 0),
(643, 'Karimabad', 6, 0),
(644, 'Aliabad', 6, 0),
(645, 'Chilas', 6, 0),
(646, 'Gahkuch', 6, 0),
(647, 'Tangir', 6, 0),
(648, 'Mirpur', 7, 0),
(649, 'Kotli', 7, 0),
(650, 'Bhimber', 7, 0),
(651, 'Muzaffarabad', 7, 0),
(652, 'Hattian', 7, 0),
(653, 'Neelam Valley', 7, 0),
(654, 'Poonch', 7, 0),
(655, 'Haveli', 7, 0),
(656, 'Bagh', 7, 0),
(657, 'Sudhanoti', 7, 0),
(658, 'Glenfield', 8, 1),
(659, 'Henderson', 8, 1),
(660, 'Milford', 8, 1),
(661, 'Balgowlah', 9, 1),
(662, 'Balmain', 10, 1),
(663, 'Bankstown', 11, 1),
(664, 'Camberwell', 12, 1),
(665, 'Caulfield', 13, 1),
(666, 'Chatswood', 14, 1),
(667, 'Cheltenham', 15, 1),
(668, 'Cherrybrook', 16, 1),
(669, 'Clayton', 17, 1),
(670, 'Collingwood', 18, 1),
(671, 'Hawthorn', 19, 1),
(672, 'Jannnali', 20, 1),
(673, 'Knoxfield', 21, 1),
(674, 'Melbourne', 22, 1),
(675, 'South Oakleigh', 22, 1),
(676, 'Cottesole', 23, 1),
(677, 'Darch', 23, 1),
(678, 'Mullaloo', 23, 1),
(679, 'Noranda', 23, 1),
(680, 'Osborne Park', 23, 1),
(681, 'Willetton', 23, 1),
(682, 'Acacia Ridge', 24, 1),
(683, 'Aitkenvale', 24, 1),
(684, 'Alderley', 24, 1),
(685, 'Alexander Hills', 24, 1),
(686, 'Archerfield', 24, 1),
(687, 'Ashmore', 24, 1),
(688, 'Atherton', 24, 1),
(689, 'Ayr', 24, 1),
(690, 'Beachmere', 24, 1),
(691, 'Beenleigh', 24, 1),
(692, 'Beerwah', 24, 1),
(693, 'Bell', 24, 1),
(694, 'Belmont', 24, 1),
(695, 'Biloela', 24, 1),
(696, 'Birkdale', 24, 1),
(697, 'Blackwater', 24, 1),
(698, 'Bongaree', 24, 1),
(699, 'Bonogin', 24, 1),
(700, 'Boonah', 24, 1),
(701, 'Bowen', 24, 1),
(702, 'Brendale', 24, 1),
(703, 'Brisbane', 24, 1),
(704, 'Buddina', 24, 1),
(705, 'Buderim', 24, 1),
(706, 'Bundaberg', 24, 1),
(707, 'Bundall', 24, 1),
(708, 'Burleigh Heads', 24, 1),
(709, 'Burpengary', 24, 1),
(710, 'Cabaland', 24, 1),
(711, 'Caboolture', 24, 1),
(712, 'Cairns', 24, 1),
(713, 'Cairns Northern Beaches', 24, 1),
(714, 'Caloundra', 24, 1),
(715, 'Capalaba', 24, 1),
(716, 'Charters Towers', 24, 1),
(717, 'Childers', 24, 1),
(718, 'Cleveland', 24, 1),
(719, 'Coolum Beach', 24, 1),
(720, 'Coopers Plain', 24, 1),
(721, 'Dalby', 24, 1),
(722, 'Deception Bay', 24, 1),
(723, 'Eagle Farm', 24, 1),
(724, 'Eagleby', 24, 1),
(725, 'Emerald', 24, 1),
(726, 'Emundi', 24, 1),
(727, 'Forest Lake', 24, 1),
(728, 'Gatton', 24, 1),
(729, 'Gladstone', 24, 1),
(730, 'Gold Coast', 24, 1),
(731, 'Gowrie Junction', 24, 1),
(732, 'Gympie', 24, 1),
(733, 'Helensvale', 24, 1),
(734, 'Hervey Bay', 24, 1),
(735, 'Ingham', 24, 1),
(736, 'Innisfail', 24, 1),
(737, 'Ipswich', 24, 1),
(738, 'Jindalee', 24, 1),
(739, 'Julatten', 24, 1),
(740, 'Kawana Waters', 24, 1),
(741, 'Kingaroy', 24, 1),
(742, 'Lawnton', 24, 1),
(743, 'Loganholme', 24, 1),
(744, 'Mackay', 24, 1),
(745, 'Mareeba', 24, 1),
(746, 'Maroochydore', 24, 1),
(747, 'Maroochydore-Mooloolaba', 24, 1),
(748, 'Maryborough', 24, 1),
(749, 'Miami', 24, 1),
(750, 'Milton', 24, 1),
(751, 'Molendinar', 24, 1),
(752, 'Moranbah', 24, 1),
(753, 'Morayfield', 24, 1),
(754, 'Mossman', 24, 1),
(755, 'Mount Glorious', 24, 1),
(756, 'Mount Isa', 24, 1),
(757, 'Murarrie', 24, 1),
(758, 'Nairand Kay', 24, 1),
(759, 'Nambour', 24, 1),
(760, 'Nerang', 24, 1),
(761, 'Nobby Beach', 24, 1),
(762, 'Noosa Heads', 24, 1),
(763, 'Noosaville', 24, 1),
(764, 'Paddington', 24, 1),
(765, 'Port Douglas', 24, 1),
(766, 'Robina', 24, 1),
(767, 'Rockhampton', 24, 1),
(768, 'Rocklea', 24, 1),
(769, 'Roma', 24, 1),
(770, 'Rubyvale', 24, 1),
(771, 'Sanctuary Cove', 24, 1),
(772, 'Slade Point', 24, 1),
(773, 'Southport', 24, 1),
(774, 'Suburb', 24, 1),
(775, 'Sunshine Coast', 24, 1),
(776, 'Tewantin-Noosa', 24, 1),
(777, 'The Summit', 24, 1),
(778, 'Toowong', 24, 1),
(779, 'Toowoomba', 24, 1),
(780, 'Townsville', 24, 1),
(781, 'Victoria Point', 24, 1),
(782, 'Warwick', 24, 1),
(783, 'Willawong', 24, 1),
(784, 'Yatala', 24, 1),
(785, 'Yeppoon', 24, 1),
(786, 'Zillmere', 24, 1),
(787, 'Bridgewater-Gagebrook', 25, 1),
(788, 'Burnie', 25, 1),
(789, 'Burnie-Devonport', 25, 1),
(790, 'Glenorchy', 25, 1),
(791, 'Hobart', 25, 1),
(792, 'Kingston-Blackmans Bay', 25, 1),
(793, 'Launceston', 25, 1),
(794, 'New Norfolk', 25, 1),
(795, 'Rowella', 25, 1),
(796, 'Sheffield', 25, 1),
(797, 'Ulverstone', 25, 1),
(798, 'Templestowe', 26, 1),
(799, 'Albion', 27, 1),
(800, 'Ararat', 27, 1),
(801, 'Avenel', 27, 1),
(802, 'Avondale Heights', 27, 1),
(803, 'Baccus Marsh', 27, 1),
(804, 'Bairnsdale', 27, 1),
(805, 'Ballarat', 27, 1),
(806, 'Balwyn', 27, 1),
(807, 'Batman', 27, 1),
(808, 'Bayswater', 27, 1),
(809, 'Belmont', 27, 1),
(810, 'Benalla', 27, 1),
(811, 'Bendigo', 27, 1),
(812, 'Bentleigh East', 27, 1),
(813, 'Berwick', 27, 1),
(814, 'Blackburn', 27, 1),
(815, 'Blue Mountains', 27, 1),
(816, 'Boonah', 27, 1),
(817, 'Boronia', 27, 1),
(818, 'Box Hill', 27, 1),
(819, 'Brighton East', 27, 1),
(820, 'Bundoora', 27, 1),
(821, 'Campbellfield', 27, 1),
(822, 'Carlton South', 27, 1),
(823, 'Caroline Springs', 27, 1),
(824, 'Castle Hill', 27, 1),
(825, 'Castlemaine', 27, 1),
(826, 'Caulfield', 27, 1),
(827, 'Cheltenham', 27, 1),
(828, 'Chester', 27, 1),
(829, 'Clayton South', 27, 1),
(830, 'Clifton Springs', 27, 1),
(831, 'Coburg', 27, 1),
(832, 'Colac', 27, 1),
(833, 'Collingwood', 27, 1),
(834, 'Craigieburn', 27, 1),
(835, 'Cranbourne', 27, 1),
(836, 'Crib Point', 27, 1),
(837, 'Dandenong', 27, 1),
(838, 'Devon Meadows', 27, 1),
(839, 'Diamond Creek', 27, 1),
(840, 'Doncaster East', 27, 1),
(841, 'Doncester', 27, 1),
(842, 'Donvale', 27, 1),
(843, 'Echuca-Moama', 27, 1),
(844, 'Elsternwick', 27, 1),
(845, 'Eltham', 27, 1),
(846, 'Fairfield', 27, 1),
(847, 'Fitzroy', 27, 1),
(848, 'Frnakston', 27, 1),
(849, 'Geelong', 27, 1),
(850, 'Glen Waverley', 27, 1),
(851, 'Glenorchy', 27, 1),
(852, 'Hallam', 27, 1),
(853, 'Hamilton', 27, 1),
(854, 'Hastings', 27, 1),
(855, 'Healesville', 27, 1),
(856, 'Horsham', 27, 1),
(857, 'Hughesdale', 27, 1),
(858, 'Ivanhoe', 27, 1),
(859, 'Keilor', 27, 1),
(860, 'Kensington', 27, 1),
(861, 'Kerang', 27, 1),
(862, 'Kilmore', 27, 1),
(863, 'Kilsyth', 27, 1),
(864, 'Kyabram', 27, 1),
(865, 'Lakes Entrance', 27, 1),
(866, 'Lalor', 27, 1),
(867, 'Lara', 27, 1),
(868, 'Laverton North', 27, 1),
(869, 'Leopold', 27, 1),
(870, 'Lower Templestowe', 27, 1),
(871, 'Maidstone', 27, 1),
(872, 'Malvern', 27, 1),
(873, 'Maryborough', 27, 1),
(874, 'Melbourne', 27, 1),
(875, 'Melton', 27, 1),
(876, 'Middle Park', 27, 1),
(877, 'Mildura', 27, 1),
(878, 'Mitcham', 27, 1),
(879, 'Moe-Yallourn', 27, 1),
(880, 'Moorabbin', 27, 1),
(881, 'Mordialloc', 27, 1),
(882, 'Morwell', 27, 1),
(883, 'Mulgrave', 27, 1),
(884, 'Murrumbeena', 27, 1),
(885, 'Neerim South', 27, 1),
(886, 'Noble Park North', 27, 1),
(887, 'Notting Hill', 27, 1),
(888, 'Oak Park', 27, 1),
(889, 'Ocean Grove-Barwon Heads', 27, 1),
(890, 'Olinda', 27, 1),
(891, 'Pakenham', 27, 1),
(892, 'Park Orchards', 27, 1),
(893, 'Port Melbourne', 27, 1),
(894, 'Portland', 27, 1),
(895, 'Prahran', 27, 1),
(896, 'Preston', 27, 1),
(897, 'Pritbourne', 27, 1),
(898, 'Queenscliff', 27, 1),
(899, 'Reservoir', 27, 1),
(900, 'Ringwood', 27, 1),
(901, 'Rowville', 27, 1),
(902, 'Sale', 27, 1),
(903, 'Sandringham', 27, 1),
(904, 'Scoresby', 27, 1),
(905, 'Sebastopol', 27, 1),
(906, 'Seymour', 27, 1),
(907, 'Shepparton-Mooroopna', 27, 1),
(908, 'Somerville', 27, 1),
(909, 'South Yarra', 27, 1),
(910, 'Southbank', 27, 1),
(911, 'St. Albans', 27, 1),
(912, 'St. Kilda East', 27, 1),
(913, 'Stawell', 27, 1),
(914, 'Sunbury', 27, 1),
(915, 'Sunshine West', 27, 1),
(916, 'Swan Hill', 27, 1),
(917, 'Tatura', 27, 1),
(918, 'Thomastown', 27, 1),
(919, 'Thornbury', 27, 1),
(920, 'Tongala', 27, 1),
(921, 'Torquay', 27, 1),
(922, 'Traralgon', 27, 1),
(923, 'Tullamarine', 27, 1),
(924, 'Vermont', 27, 1),
(925, 'Wangaratta', 27, 1),
(926, 'Wantirna', 27, 1),
(927, 'Warragul', 27, 1),
(928, 'Warrnambool', 27, 1),
(929, 'Welshpool', 27, 1),
(930, 'Wendouree', 27, 1),
(931, 'Wonthaggi', 27, 1),
(932, 'Woodend', 27, 1),
(933, 'Yarrawonga-Mulwala', 27, 1),
(934, 'Yea', 27, 1),
(935, 'Wheeler', 28, 1);

-- --------------------------------------------------------

--
-- Table structure for table `clients`
--

CREATE TABLE `clients` (
  `id` bigint(20) UNSIGNED NOT NULL,
  `business_id` bigint(20) UNSIGNED NOT NULL,
  `customer_id` bigint(20) UNSIGNED DEFAULT NULL,
  `first_name` varchar(50) COLLATE utf8mb4_unicode_ci NOT NULL,
  `last_name` varchar(50) COLLATE utf8mb4_unicode_ci NOT NULL,
  `phone_country_id` bigint(20) UNSIGNED NOT NULL,
  `phone_number` varchar(30) COLLATE utf8mb4_unicode_ci NOT NULL,
  `email` varchar(255) COLLATE utf8mb4_unicode_ci DEFAULT NULL,
  `address` varchar(100) COLLATE utf8mb4_unicode_ci DEFAULT NULL,
  `suburb` varchar(100) COLLATE utf8mb4_unicode_ci DEFAULT NULL,
  `state_id` bigint(20) UNSIGNED DEFAULT NULL,
  `city_id` bigint(20) UNSIGNED DEFAULT NULL,
  `zip_code` int(10) UNSIGNED DEFAULT NULL,
  `birthday` date DEFAULT NULL,
  `gender` enum('male','female') COLLATE utf8mb4_unicode_ci DEFAULT NULL,
  `notes` text COLLATE utf8mb4_unicode_ci,
  `is_blocked` tinyint(1) DEFAULT NULL,
  `block_reason_id` int(10) UNSIGNED DEFAULT NULL,
  `created_at` timestamp NULL DEFAULT NULL,
  `updated_at` timestamp NULL DEFAULT NULL
) ENGINE=InnoDB DEFAULT CHARSET=utf8mb4 COLLATE=utf8mb4_unicode_ci;

--
-- Dumping data for table `clients`
--

INSERT INTO `clients` (`id`, `business_id`, `customer_id`, `first_name`, `last_name`, `phone_country_id`, `phone_number`, `email`, `address`, `suburb`, `state_id`, `city_id`, `zip_code`, `birthday`, `gender`, `notes`, `is_blocked`, `block_reason_id`, `created_at`, `updated_at`) VALUES
(1, 1, NULL, 'John', 'Doe', 1, '3002563366', 'john_doe@yopmail.com', NULL, NULL, NULL, NULL, NULL, '1990-02-01', 'male', 'Is this for real', 0, NULL, '2021-04-03 14:02:07', '2021-04-30 13:30:06'),
(2, 1, NULL, 'Khadim', 'Hussain', 1, '3151264899', 'khadim_hussain@yopmail.com', 'Bihar Colony', 'Dacaan Chal', 2, 2, 74500, '1995-10-25', NULL, NULL, NULL, NULL, '2021-04-28 08:22:31', '2021-04-28 08:33:13'),
(9, 1, NULL, 'Noman', 'Ghani', 1, '3151264890', 'nomas@yopmail.com', NULL, NULL, NULL, NULL, NULL, '0000-00-00', NULL, 'These are lol comments', NULL, NULL, '2021-07-08 08:21:19', '2021-08-23 15:23:37'),
(10, 1, NULL, 'QA', 'team', 1, '3151212121', 'qateam786@gmail.com', NULL, NULL, NULL, NULL, NULL, '1970-01-01', NULL, NULL, NULL, NULL, '2021-05-29 19:34:33', '2021-05-29 19:34:33'),
(12, 1, NULL, 'Shujaat', 'Haider', 1, '3222353116', 'shujaat.haider@yopmail.com', 'Sodlier Bazar', 'Malir Colony', 2, 155, NULL, '2021-07-04', 'male', 'testing client crud', NULL, NULL, '2021-07-06 09:12:10', '2021-08-16 08:23:24'),
(15, 2, NULL, 'Noman', 'Ghani', 1, '3151264899', 'noman@yopmail.com', NULL, NULL, NULL, NULL, NULL, NULL, NULL, NULL, NULL, NULL, '2021-07-08 11:05:52', '2021-07-08 11:05:52'),
(16, 1, NULL, 'Noman', 'Ghani', 1, '3111112222', NULL, NULL, NULL, NULL, NULL, NULL, '0000-00-00', NULL, NULL, NULL, NULL, '2021-07-09 15:13:04', '2021-07-30 16:15:01'),
(17, 1, 2, 'Noman', 'Ghani', 1, '3151264899', 'noman@yopmail.com', NULL, NULL, NULL, NULL, NULL, NULL, NULL, NULL, NULL, NULL, '2021-07-20 08:00:22', '2021-07-20 08:00:22'),
(19, 1, 12, 'Gtch', 'QA', 1, '3151264859', 'qateam787@gmail.com', NULL, NULL, NULL, NULL, NULL, '0000-00-00', NULL, 'asd', NULL, NULL, '2021-07-31 17:34:55', '2021-08-23 15:37:17'),
(20, 1, 13, 'Gtch', 'QA', 1, '3122652655', 'qateam786@gmail.com', NULL, NULL, NULL, NULL, NULL, NULL, NULL, NULL, NULL, NULL, '2021-07-31 17:47:01', '2021-07-31 17:47:01'),
(21, 1, NULL, 'Kaala', 'Smith', 1, '3222356859', 'john.smith@doe.com', NULL, NULL, NULL, NULL, NULL, '2001-11-19', 'male', 'Has giftcard', NULL, NULL, '2021-08-20 16:37:52', '2021-08-20 16:37:52'),
(22, 1, 23, 'shabir', 'khan', 1, '3125555555', 'noman2@yopmail.com', NULL, NULL, NULL, NULL, NULL, NULL, NULL, NULL, NULL, NULL, '2021-08-30 15:01:56', '2021-08-30 15:01:56'),
(23, 1, 24, 'haider', 'abbas', 1, '3742460650', 'haider.abbas@genetechsolutions.com', NULL, NULL, NULL, NULL, NULL, '1993-01-02', NULL, NULL, NULL, NULL, '2021-09-06 07:39:27', '2021-09-06 07:39:27');

-- --------------------------------------------------------

--
-- Table structure for table `client_blocked_reasons`
--

CREATE TABLE `client_blocked_reasons` (
  `id` bigint(20) UNSIGNED NOT NULL,
  `reason` text COLLATE utf8mb4_unicode_ci NOT NULL,
  `is_active` tinyint(1) NOT NULL DEFAULT '1',
  `created_at` timestamp NULL DEFAULT NULL,
  `updated_at` timestamp NULL DEFAULT NULL
) ENGINE=InnoDB DEFAULT CHARSET=utf8mb4 COLLATE=utf8mb4_unicode_ci;

--
-- Dumping data for table `client_blocked_reasons`
--

INSERT INTO `client_blocked_reasons` (`id`, `reason`, `is_active`, `created_at`, `updated_at`) VALUES
(1, 'Too many no shows', 1, NULL, NULL),
(2, 'Too many late cancellations', 1, NULL, NULL),
(3, 'Too many reschedules', 1, NULL, NULL),
(4, 'Rude or inappropriate to staff', 1, NULL, NULL),
(5, 'Refused to pay', 1, NULL, NULL),
(6, 'Booked fake appointments', 1, NULL, NULL);

-- --------------------------------------------------------

--
-- Table structure for table `client_deals`
--

CREATE TABLE `client_deals` (
  `id` bigint(20) UNSIGNED NOT NULL,
  `client_id` bigint(20) UNSIGNED NOT NULL,
  `deal_id` bigint(20) UNSIGNED NOT NULL,
  `invoice_id` bigint(20) UNSIGNED NOT NULL,
  `expires_at` timestamp NOT NULL DEFAULT CURRENT_TIMESTAMP ON UPDATE CURRENT_TIMESTAMP,
  `created_at` timestamp NULL DEFAULT NULL,
  `updated_at` timestamp NULL DEFAULT NULL
) ENGINE=InnoDB DEFAULT CHARSET=utf8mb4 COLLATE=utf8mb4_unicode_ci;

--
-- Dumping data for table `client_deals`
--

INSERT INTO `client_deals` (`id`, `client_id`, `deal_id`, `invoice_id`, `expires_at`, `created_at`, `updated_at`) VALUES
(1, 1, 1, 1, '2022-07-16 07:40:49', '2021-07-16 07:40:49', '2021-07-16 07:40:49'),
(2, 17, 11, 13, '2022-08-24 15:24:02', '2021-08-24 15:24:02', '2021-08-24 15:24:02'),
(3, 17, 11, 12, '2022-08-24 15:27:49', '2021-08-24 15:27:49', '2021-08-24 15:27:49'),
(4, 17, 11, 11, '2022-08-24 15:29:37', '2021-08-24 15:29:37', '2021-08-24 15:29:37'),
(5, 17, 11, 10, '2022-08-24 15:34:02', '2021-08-24 15:34:02', '2021-08-24 15:34:02'),
(9, 17, 11, 9, '2022-08-24 15:36:48', '2021-08-24 15:36:48', '2021-08-24 15:36:48'),
(10, 17, 11, 9, '2022-08-24 15:38:00', '2021-08-24 15:38:00', '2021-08-24 15:38:00'),
(17, 17, 11, 9, '2022-08-24 15:44:49', '2021-08-24 15:44:49', '2021-08-24 15:44:49'),
(18, 17, 3, 8, '2022-08-24 15:45:48', '2021-08-24 15:45:48', '2021-08-24 15:45:48'),
(19, 17, 3, 48, '2022-08-30 14:41:16', '2021-08-30 14:41:16', '2021-08-30 14:41:16'),
(20, 17, 3, 49, '2022-08-30 14:41:17', '2021-08-30 14:41:17', '2021-08-30 14:41:17'),
(21, 17, 3, 50, '2022-08-30 14:49:13', '2021-08-30 14:49:13', '2021-08-30 14:49:13'),
(22, 17, 3, 51, '2022-08-30 14:49:13', '2021-08-30 14:49:13', '2021-08-30 14:49:13'),
(23, 17, 3, 52, '2022-08-30 14:53:13', '2021-08-30 14:53:13', '2021-08-30 14:53:13'),
(24, 17, 3, 53, '2022-08-30 14:53:13', '2021-08-30 14:53:13', '2021-08-30 14:53:13'),
(25, 22, 3, 57, '2022-08-30 15:08:16', '2021-08-30 15:08:16', '2021-08-30 15:08:16'),
(26, 21, 6, 113, '2022-09-16 10:52:45', '2021-09-16 10:52:45', '2021-09-16 10:52:45'),
(27, 17, 6, 122, '2022-09-17 14:45:06', '2021-09-17 14:45:06', '2021-09-17 14:45:06'),
(28, 17, 6, 126, '2022-09-17 14:51:06', '2021-09-17 14:51:06', '2021-09-17 14:51:06'),
(29, 17, 6, 127, '2022-09-17 14:53:55', '2021-09-17 14:53:55', '2021-09-17 14:53:55'),
(30, 17, 6, 128, '2022-09-17 14:55:20', '2021-09-17 14:55:20', '2021-09-17 14:55:20'),
(31, 17, 6, 129, '2022-09-17 14:56:00', '2021-09-17 14:56:00', '2021-09-17 14:56:00'),
(32, 17, 6, 130, '2022-09-17 14:56:53', '2021-09-17 14:56:53', '2021-09-17 14:56:53'),
(33, 17, 6, 131, '2022-09-17 14:59:12', '2021-09-17 14:59:12', '2021-09-17 14:59:12'),
(34, 17, 6, 132, '2022-09-17 15:04:39', '2021-09-17 15:04:39', '2021-09-17 15:04:39');

-- --------------------------------------------------------

--
-- Table structure for table `client_deals_items`
--

CREATE TABLE `client_deals_items` (
  `id` bigint(20) UNSIGNED NOT NULL,
  `client_deal_id` bigint(20) UNSIGNED NOT NULL,
  `service_id` bigint(20) UNSIGNED DEFAULT NULL,
  `product_id` bigint(20) UNSIGNED DEFAULT NULL,
  `quantity_available` int(10) UNSIGNED NOT NULL,
  `quantity_utilized` int(10) UNSIGNED NOT NULL,
  `created_at` timestamp NULL DEFAULT NULL,
  `updated_at` timestamp NULL DEFAULT NULL
) ENGINE=InnoDB DEFAULT CHARSET=utf8mb4 COLLATE=utf8mb4_unicode_ci;

--
-- Dumping data for table `client_deals_items`
--

INSERT INTO `client_deals_items` (`id`, `client_deal_id`, `service_id`, `product_id`, `quantity_available`, `quantity_utilized`, `created_at`, `updated_at`) VALUES
(1, 1, 29, NULL, 10, 0, '2021-07-16 07:40:49', '2021-07-16 07:40:49'),
(2, 1, NULL, 1, 10, 5, '2021-07-16 07:40:49', '2021-09-02 12:26:54'),
(3, 2, NULL, 3, 2, 0, '2021-08-24 15:24:02', '2021-08-24 15:24:02'),
(4, 2, NULL, 4, 1, 0, '2021-08-24 15:24:02', '2021-08-24 15:24:02'),
(5, 3, NULL, 3, 2, 0, '2021-08-24 15:27:49', '2021-08-24 15:27:49'),
(6, 3, NULL, 4, 1, 0, '2021-08-24 15:27:49', '2021-08-24 15:27:49'),
(7, 4, NULL, 3, 2, 0, '2021-08-24 15:29:37', '2021-08-24 15:29:37'),
(8, 4, NULL, 4, 1, 0, '2021-08-24 15:29:37', '2021-08-24 15:29:37'),
(9, 5, NULL, 3, 2, 0, '2021-08-24 15:34:02', '2021-08-24 15:34:02'),
(10, 5, NULL, 4, 1, 0, '2021-08-24 15:34:02', '2021-08-24 15:34:02'),
(17, 9, NULL, 3, 2, 0, '2021-08-24 15:36:48', '2021-08-24 15:36:48'),
(18, 9, NULL, 4, 1, 0, '2021-08-24 15:36:48', '2021-08-24 15:36:48'),
(19, 10, NULL, 3, 2, 0, '2021-08-24 15:38:00', '2021-08-24 15:38:00'),
(20, 10, NULL, 4, 1, 0, '2021-08-24 15:38:00', '2021-08-24 15:38:00'),
(33, 17, NULL, 3, 2, 0, '2021-08-24 15:44:49', '2021-08-24 15:44:49'),
(34, 17, NULL, 4, 1, 0, '2021-08-24 15:44:49', '2021-08-24 15:44:49'),
(35, 18, 36, NULL, 1, 0, '2021-08-24 15:45:48', '2021-08-24 15:45:48'),
(36, 18, 35, NULL, 2, 0, '2021-08-24 15:45:48', '2021-08-24 15:45:48'),
(37, 18, NULL, 1, 1, 0, '2021-08-24 15:45:48', '2021-08-24 15:45:48'),
(38, 19, 36, NULL, 1, 0, '2021-08-30 14:41:16', '2021-08-30 14:41:16'),
(39, 19, 35, NULL, 2, 0, '2021-08-30 14:41:16', '2021-08-30 14:41:16'),
(40, 19, NULL, 1, 1, 0, '2021-08-30 14:41:16', '2021-08-30 14:41:16'),
(41, 20, 36, NULL, 1, 0, '2021-08-30 14:41:17', '2021-08-30 14:41:17'),
(42, 20, 35, NULL, 2, 0, '2021-08-30 14:41:17', '2021-08-30 14:41:17'),
(43, 20, NULL, 1, 1, 0, '2021-08-30 14:41:17', '2021-08-30 14:41:17'),
(44, 21, 36, NULL, 1, 0, '2021-08-30 14:49:13', '2021-08-30 14:49:13'),
(45, 21, 35, NULL, 2, 0, '2021-08-30 14:49:13', '2021-08-30 14:49:13'),
(46, 21, NULL, 1, 1, 0, '2021-08-30 14:49:13', '2021-08-30 14:49:13'),
(47, 22, 36, NULL, 1, 0, '2021-08-30 14:49:13', '2021-08-30 14:49:13'),
(48, 22, 35, NULL, 2, 0, '2021-08-30 14:49:13', '2021-08-30 14:49:13'),
(49, 22, NULL, 1, 1, 0, '2021-08-30 14:49:13', '2021-08-30 14:49:13'),
(50, 23, 36, NULL, 1, 0, '2021-08-30 14:53:13', '2021-08-30 14:53:13'),
(51, 23, 35, NULL, 2, 0, '2021-08-30 14:53:13', '2021-08-30 14:53:13'),
(52, 23, NULL, 1, 1, 0, '2021-08-30 14:53:13', '2021-08-30 14:53:13'),
(53, 24, 36, NULL, 1, 0, '2021-08-30 14:53:13', '2021-08-30 14:53:13'),
(54, 24, 35, NULL, 2, 0, '2021-08-30 14:53:13', '2021-08-30 14:53:13'),
(55, 24, NULL, 1, 1, 0, '2021-08-30 14:53:13', '2021-08-30 14:53:13'),
(56, 25, 36, NULL, 1, 0, '2021-08-30 15:08:16', '2021-08-30 15:08:16'),
(57, 25, 35, NULL, 2, 0, '2021-08-30 15:08:16', '2021-08-30 15:08:16'),
(58, 25, NULL, 1, 1, 0, '2021-08-30 15:08:16', '2021-08-30 15:08:16'),
(59, 26, 36, NULL, 1, 0, '2021-09-16 10:52:45', '2021-09-16 10:52:45'),
(60, 26, 29, NULL, 1, 0, '2021-09-16 10:52:45', '2021-09-16 10:52:45'),
(61, 27, 36, NULL, 1, 0, '2021-09-17 14:45:06', '2021-09-17 14:45:06'),
(62, 27, 29, NULL, 1, 0, '2021-09-17 14:45:06', '2021-09-17 14:45:06'),
(63, 28, 36, NULL, 1, 0, '2021-09-17 14:51:06', '2021-09-17 14:51:06'),
(64, 28, 29, NULL, 1, 0, '2021-09-17 14:51:06', '2021-09-17 14:51:06'),
(65, 29, 36, NULL, 1, 0, '2021-09-17 14:53:55', '2021-09-17 14:53:55'),
(66, 29, 29, NULL, 1, 0, '2021-09-17 14:53:55', '2021-09-17 14:53:55'),
(67, 30, 36, NULL, 1, 0, '2021-09-17 14:55:20', '2021-09-17 14:55:20'),
(68, 30, 29, NULL, 1, 0, '2021-09-17 14:55:20', '2021-09-17 14:55:20'),
(69, 31, 36, NULL, 1, 0, '2021-09-17 14:56:00', '2021-09-17 14:56:00'),
(70, 31, 29, NULL, 1, 0, '2021-09-17 14:56:00', '2021-09-17 14:56:00'),
(71, 32, 36, NULL, 1, 0, '2021-09-17 14:56:53', '2021-09-17 14:56:53'),
(72, 32, 29, NULL, 1, 0, '2021-09-17 14:56:53', '2021-09-17 14:56:53'),
(73, 33, 36, NULL, 1, 0, '2021-09-17 14:59:12', '2021-09-17 14:59:12'),
(74, 33, 29, NULL, 1, 0, '2021-09-17 14:59:12', '2021-09-17 14:59:12'),
(75, 34, 36, NULL, 1, 0, '2021-09-17 15:04:39', '2021-09-17 15:04:39'),
(76, 34, 29, NULL, 1, 0, '2021-09-17 15:04:39', '2021-09-17 15:04:39');

-- --------------------------------------------------------

--
-- Table structure for table `closed_dates`
--

CREATE TABLE `closed_dates` (
  `id` bigint(20) UNSIGNED NOT NULL,
  `business_id` bigint(20) UNSIGNED NOT NULL,
  `starts_at` timestamp NOT NULL DEFAULT CURRENT_TIMESTAMP ON UPDATE CURRENT_TIMESTAMP,
  `ends_at` timestamp NOT NULL DEFAULT '0000-00-00 00:00:00',
  `description` varchar(100) COLLATE utf8mb4_unicode_ci NOT NULL,
  `created_at` timestamp NULL DEFAULT NULL,
  `updated_at` timestamp NULL DEFAULT NULL
) ENGINE=InnoDB DEFAULT CHARSET=utf8mb4 COLLATE=utf8mb4_unicode_ci;

--
-- Dumping data for table `closed_dates`
--

INSERT INTO `closed_dates` (`id`, `business_id`, `starts_at`, `ends_at`, `description`, `created_at`, `updated_at`) VALUES
(2, 1, '2021-07-19 19:00:00', '2021-07-20 18:59:59', 'Danish\'s Birthday', '2021-07-20 12:41:21', '2021-07-20 12:41:45'),
(3, 1, '2021-07-27 19:00:00', '2021-07-28 18:59:59', 'Awain', '2021-07-28 15:20:59', '2021-07-28 15:21:59'),
(4, 1, '2021-08-13 19:00:00', '2021-08-14 18:59:59', 'Independence Day', '2021-07-30 14:56:13', '2021-07-30 14:57:02'),
(5, 1, '2021-10-14 19:00:00', '2021-10-15 18:59:59', 'Public Dummy', '2021-09-17 07:07:26', '2021-09-17 07:07:26');

-- --------------------------------------------------------

--
-- Table structure for table `closed_dates_branches`
--

CREATE TABLE `closed_dates_branches` (
  `id` bigint(20) UNSIGNED NOT NULL,
  `closed_dates_id` bigint(20) UNSIGNED NOT NULL,
  `branch_id` bigint(20) UNSIGNED NOT NULL,
  `created_at` timestamp NULL DEFAULT NULL,
  `updated_at` timestamp NULL DEFAULT NULL
) ENGINE=InnoDB DEFAULT CHARSET=utf8mb4 COLLATE=utf8mb4_unicode_ci;

--
-- Dumping data for table `closed_dates_branches`
--

INSERT INTO `closed_dates_branches` (`id`, `closed_dates_id`, `branch_id`, `created_at`, `updated_at`) VALUES
(1, 3, 3, '2021-07-28 15:21:59', '2021-07-28 15:21:59'),
(2, 3, 2, '2021-07-28 15:21:59', '2021-07-28 15:21:59'),
(3, 3, 15, '2021-07-28 15:21:59', '2021-07-28 15:21:59'),
(4, 3, 16, '2021-07-28 15:21:59', '2021-07-28 15:21:59'),
(5, 3, 17, '2021-07-28 15:21:59', '2021-07-28 15:21:59'),
(6, 3, 4, '2021-07-28 15:21:59', '2021-07-28 15:21:59'),
(7, 3, 1, '2021-07-28 15:21:59', '2021-07-28 15:21:59');

-- --------------------------------------------------------

--
-- Table structure for table `countries`
--

CREATE TABLE `countries` (
  `id` bigint(20) UNSIGNED NOT NULL,
  `sortname` varchar(3) COLLATE utf8mb4_unicode_ci NOT NULL,
  `name` varchar(150) COLLATE utf8mb4_unicode_ci NOT NULL,
  `phone_code` int(10) UNSIGNED NOT NULL,
  `phone_regex` text COLLATE utf8mb4_unicode_ci,
  `phone_mask` text COLLATE utf8mb4_unicode_ci,
  `flag` varchar(50) COLLATE utf8mb4_unicode_ci DEFAULT NULL,
  `currency` varchar(10) COLLATE utf8mb4_unicode_ci DEFAULT NULL,
  `is_active` tinyint(1) NOT NULL DEFAULT '1'
) ENGINE=InnoDB DEFAULT CHARSET=utf8mb4 COLLATE=utf8mb4_unicode_ci;

--
-- Dumping data for table `countries`
--

INSERT INTO `countries` (`id`, `sortname`, `name`, `phone_code`, `phone_regex`, `phone_mask`, `flag`, `currency`, `is_active`) VALUES
(1, 'PK', 'Pakistan', 92, '(0?3(?:[0-46]\\d|55)\\d{7})', '### #######', '&#127477;&#127472;', 'Rs.', 1),
(2, 'AU', 'Australia', 61, '\\({0,1}((0|\\+61)(2|4|3|7|8)){0,1}\\){0,1}(\\ |-){0,1}[0-9]{2}(\\ |-){0,1}[0-9]{2}(\\ |-){0,1}[0-9]{1}(\\ |-){0,1}[0-9]{3}', '### ### ###', '&#x1F1E6;&#x1F1FA;', 'AUD', 1);

-- --------------------------------------------------------

--
-- Table structure for table `customers`
--

CREATE TABLE `customers` (
  `id` bigint(20) UNSIGNED NOT NULL,
  `first_name` varchar(50) COLLATE utf8mb4_unicode_ci NOT NULL,
  `last_name` varchar(50) COLLATE utf8mb4_unicode_ci NOT NULL,
  `email` varchar(255) COLLATE utf8mb4_unicode_ci NOT NULL,
  `password` varchar(255) COLLATE utf8mb4_unicode_ci DEFAULT NULL,
  `time_zone_id` bigint(20) UNSIGNED DEFAULT NULL,
  `phone_country_id` bigint(20) UNSIGNED DEFAULT NULL,
  `phone_number` varchar(30) COLLATE utf8mb4_unicode_ci DEFAULT NULL,
  `birthday` date DEFAULT NULL,
  `gender` enum('male','female') COLLATE utf8mb4_unicode_ci DEFAULT NULL,
  `from_facebook` tinyint(1) NOT NULL DEFAULT '0',
  `from_google` tinyint(1) NOT NULL DEFAULT '0',
  `reset_password_token` varchar(255) COLLATE utf8mb4_unicode_ci DEFAULT NULL,
  `reset_password_expires_on` timestamp NULL DEFAULT NULL,
  `is_email_verified` tinyint(1) NOT NULL DEFAULT '0',
  `email_verified_on` timestamp NULL DEFAULT NULL,
  `email_verification_token` varchar(255) COLLATE utf8mb4_unicode_ci DEFAULT NULL,
  `email_verification_expires_on` timestamp NULL DEFAULT NULL,
  `created_at` timestamp NULL DEFAULT NULL,
  `updated_at` timestamp NULL DEFAULT NULL
) ENGINE=InnoDB DEFAULT CHARSET=utf8mb4 COLLATE=utf8mb4_unicode_ci;

--
-- Dumping data for table `customers`
--

INSERT INTO `customers` (`id`, `first_name`, `last_name`, `email`, `password`, `time_zone_id`, `phone_country_id`, `phone_number`, `birthday`, `gender`, `from_facebook`, `from_google`, `reset_password_token`, `reset_password_expires_on`, `is_email_verified`, `email_verified_on`, `email_verification_token`, `email_verification_expires_on`, `created_at`, `updated_at`) VALUES
(2, 'Noman', 'Developer', 'noman@yopmail.com', '$2y$10$JFihmhLxpureKBt2rrZbfO12tfh0HbizV89Lu2THZEtL3XIC6ut0K', 44, 1, '3151264899', '2021-01-05', 'male', 0, 0, NULL, NULL, 1, NULL, 'PbfumVD01kxiEqdbuD3lwmbHY0GcTnh3', '2021-05-26 13:20:47', '2021-05-25 13:20:47', '2021-09-16 12:14:54'),
(7, 'Atque quis et aute v', 'Adipisci placeat fu', 'nomanasds@yopmaol.com', '$2y$10$V8sNfwLgogcRf46QsqDUl.FctPJQ/lJEdu9YGiwDiUsxyu6f6VKme', 44, 1, '1212121212', NULL, NULL, 0, 0, NULL, NULL, 0, NULL, '69J3tVjNDJaG5TCEdBHzudOLOMMxDVJd', '2021-05-27 15:28:26', '2021-05-26 15:28:26', '2021-05-26 15:28:26'),
(8, 'Ipsum iusto sed rec', 'Reiciendis velit es', 'nomandsd@gmail.com', '$2y$10$U7OV8Et2a54sPO9Sgt1S3OAkq1l/PsCIOc9iBSf7GawSgsFE1nJG.', 44, 1, '2121212121', NULL, NULL, 0, 0, NULL, NULL, 0, NULL, 'UggLo16uo0YP5fQzrtylOgpq20A30ZJw', '2021-05-29 16:16:26', '2021-05-28 16:16:26', '2021-05-28 16:16:26'),
(9, 'Neha', 'Saloon', 'nehasaloon01@gmail.com', NULL, 44, 1, '3151212121', '1970-01-01', NULL, 0, 1, NULL, NULL, 1, NULL, NULL, NULL, '2021-05-31 13:17:16', '2021-05-31 13:30:48'),
(16, 'Noman', 'Genetech', 'nomangenetech00@gmail.com', NULL, NULL, NULL, NULL, NULL, NULL, 0, 1, NULL, NULL, 1, NULL, NULL, NULL, '2021-08-04 15:28:52', '2021-08-04 15:28:52'),
(21, 'Gtch', 'QA', 'qateam786@gmail.com', NULL, 44, 1, '3126589999', '1984-08-27', NULL, 1, 0, NULL, NULL, 1, NULL, NULL, NULL, '2021-08-05 08:46:11', '2021-08-05 17:08:44'),
(22, 'Genetech', 'Solutions', 'gsdeveloper786@gmail.com', NULL, 44, 1, '3151234568', NULL, NULL, 0, 1, NULL, NULL, 1, NULL, NULL, NULL, '2021-08-05 14:29:22', '2021-08-05 16:58:19'),
(23, 'shabir', 'khan', 'noman2@yopmail.com', '$2y$10$b/RJ8f0gS1o/YvjD4/5VTup1RYzu8gD4UhK.x6yBhD05r73VLDAwS', NULL, 1, '3125555555', NULL, NULL, 0, 0, NULL, NULL, 1, '2021-08-05 17:07:38', NULL, NULL, '2021-08-05 17:06:13', '2021-08-05 17:07:38'),
(24, 'haider', 'abbas', 'haider.abbas@genetechsolutions.com', '$2y$10$Vf5Ht20vH2l6U3VLvzoW8O90Do1EOLLOCzw0PrmIqrWjhqFDV6BL6', NULL, 1, '3742460650', '1993-01-02', 'male', 0, 0, NULL, NULL, 1, '2021-09-06 07:37:18', NULL, NULL, '2021-09-06 07:36:59', '2021-09-06 07:37:18');

-- --------------------------------------------------------

--
-- Table structure for table `deals`
--

CREATE TABLE `deals` (
  `id` bigint(20) UNSIGNED NOT NULL,
  `business_id` bigint(20) UNSIGNED NOT NULL,
  `name` varchar(100) COLLATE utf8mb4_unicode_ci NOT NULL,
  `slug` varchar(100) COLLATE utf8mb4_unicode_ci NOT NULL,
  `description` mediumtext COLLATE utf8mb4_unicode_ci,
  `code` varchar(20) COLLATE utf8mb4_unicode_ci NOT NULL,
  `price` decimal(8,2) NOT NULL,
  `tax_id` bigint(20) UNSIGNED DEFAULT NULL,
  `limit` smallint(5) UNSIGNED DEFAULT NULL,
  `utilized` smallint(6) DEFAULT '0',
  `expires_in_days` smallint(5) UNSIGNED DEFAULT '365',
  `available_from` datetime NOT NULL,
  `available_until` datetime NOT NULL,
  `enable_commission` tinyint(1) NOT NULL DEFAULT '1',
  `is_active` tinyint(3) UNSIGNED DEFAULT NULL,
  `created_at` timestamp NULL DEFAULT NULL,
  `updated_at` timestamp NULL DEFAULT NULL
) ENGINE=InnoDB DEFAULT CHARSET=utf8mb4 COLLATE=utf8mb4_unicode_ci;

--
-- Dumping data for table `deals`
--

INSERT INTO `deals` (`id`, `business_id`, `name`, `slug`, `description`, `code`, `price`, `tax_id`, `limit`, `utilized`, `expires_in_days`, `available_from`, `available_until`, `enable_commission`, `is_active`, `created_at`, `updated_at`) VALUES
(1, 1, 'Buy 2 Get 1 Freeeee', 'buy-2-get-1-freeeee', 'Lorem Ipsum is simply dummy text of the printing and typesetting industry. Lorem Ipsum has been the industry\'s standard dummy text ever since the 1500s, when an unknown printer took a galley of type and scrambled it to make a type specimen book. It has survived not only five centuries, but also the leap into electronic typesetting, remaining essentially unchanged. It was popularised in the 1960s with the release of Letraset sheets containing Lorem Ipsum passages,', 'B6T', '45000.00', 10, 10, 0, 365, '2021-09-16 19:00:00', '2021-09-17 19:00:00', 1, 0, '2021-07-16 07:40:49', '2021-09-17 12:48:47'),
(2, 1, 'Trio Combo', 'trio-combo', 'Lorem Ipsum is simply dummy text of the printing and typesetting industry. Lorem Ipsum has been the industry\'s standard dummy text ever since the 1500s, when an unknown printer took a galley of type and scrambled it to make a type specimen book. It has survived not only five centuries, but also the leap into electronic typesetting, remaining essentially unchanged. It was popularised in the 1960s with the release of Letraset sheets containing Lorem Ipsum passages,', 'BST', '5000.00', 1, 3, 0, 365, '2021-06-01 09:00:00', '2021-07-31 09:00:00', 1, 1, '2021-07-28 07:03:12', '2021-09-16 10:34:16'),
(3, 1, 'Renewed body Chiropractic & Wellness Center LLC', 'renewed-body-chiropractic-wellness-center-llc', 'Lorem Ipsum is simply dummy text of the printing and typesetting industry. Lorem Ipsum has been the industry\'s standard dummy text ever since the 1500s, when an unknown printer took a galley of type and scrambled it to make a type specimen book. It has survived not only five centuries, but also the leap into electronic typesetting, remaining essentially unchanged. It was popularised in the 1960s with the release of Letraset sheets containing Lorem Ipsum passages,', 'RBCWCL', '39000.00', NULL, 20, 19, 365, '2021-07-04 09:00:00', '2021-08-31 09:00:00', 1, 1, '2021-07-06 19:05:42', '2021-08-30 15:18:18'),
(4, 1, 'Versailles Massage & Bar', 'versailles-massage-bar', 'Lorem Ipsum is simply dummy text of the printing and typesetting industry. Lorem Ipsum has been the industry\'s standard dummy text ever since the 1500s, when an unknown printer took a galley of type and scrambled it to make a type specimen book. It has survived not only five centuries, but also the leap into electronic typesetting, remaining essentially unchanged. It was popularised in the 1960s with the release of Letraset sheets containing Lorem Ipsum passages,', 'VMAB', '39000.00', NULL, 20, 1, 365, '2021-07-04 09:00:00', '2021-08-26 13:00:00', 1, 1, '2021-07-06 19:06:02', '2021-08-12 06:30:57'),
(5, 1, 'Heavenly Massage', 'heavenly-massage', 'Lorem Ipsum is simply dummy text of the printing and typesetting industry. Lorem Ipsum has been the industry\'s standard dummy text ever since the 1500s, when an unknown printer took a galley of type and scrambled it to make a type specimen book. It has survived not only five centuries, but also the leap into electronic typesetting, remaining essentially unchanged. It was popularised in the 1960s with the release of Letraset sheets containing Lorem Ipsum passages,', 'VMAB', '6500.00', NULL, 20, 0, 365, '2021-07-04 09:00:00', '2021-08-17 16:00:00', 1, 1, '2021-07-06 19:06:29', '2021-08-04 08:54:23'),
(6, 1, 'Carefree Feet', 'carefree-feet', 'Lorem Ipsum is simply dummy text of the printing and typesetting industry. Lorem Ipsum has been the industry\'s standard dummy text ever since the 1500s, when an unknown printer took a galley of type and scrambled it to make a type specimen book. It has survived not only five centuries, but also the leap into electronic typesetting, remaining essentially unchanged. It was popularised in the 1960s with the release of Letraset sheets containing Lorem Ipsum passages,', 'VMAB', '6500.00', 1, 20, 9, 365, '2021-07-04 09:00:00', '2021-09-30 07:00:00', 1, 1, '2021-07-06 18:11:03', '2021-09-17 15:04:39'),
(7, 1, 'Test Deal', 'test-deal', 'Test Deal Description', 'GH765', '500.00', NULL, 10, 0, 365, '2021-06-30 19:00:00', '2021-07-30 19:00:00', 1, 1, '2021-07-07 08:53:34', '2021-08-04 09:56:23'),
(8, 1, 'asdasdasd', 'asdasdasd', 'asdasd', 'asd', '600.00', 1, 900, 0, 365, '2021-09-06 19:00:00', '2021-09-29 19:00:00', 1, 1, '2021-07-30 18:16:58', '2021-09-17 13:21:04'),
(9, 1, 'Danish', 'danish', 'Danish Deal', '1', '400000.00', NULL, 1, 0, 365, '2021-06-30 19:00:00', '2021-07-30 19:00:00', 1, 1, '2021-07-30 18:17:54', '2021-07-30 18:17:54'),
(10, 1, 'Short Url Test', 'short-url-test', 'Commodi totam in vol', 'asddf23', '250000.00', NULL, 33, 7, 365, '2021-07-31 19:00:00', '2022-08-30 19:00:00', 1, 1, '2021-08-04 10:05:49', '2021-09-06 07:54:02'),
(11, 2, 'New Test One', 'new-test-one', 'dasdasdasd', 'newtrim467', '3000.00', NULL, 30, 5, 365, '2021-07-31 19:00:00', '2021-10-30 19:00:00', 1, 1, '2021-08-04 17:14:20', '2021-08-13 11:16:47');

-- --------------------------------------------------------

--
-- Table structure for table `deals_branches`
--

CREATE TABLE `deals_branches` (
  `id` bigint(20) UNSIGNED NOT NULL,
  `deal_id` bigint(20) UNSIGNED NOT NULL,
  `branch_id` bigint(20) UNSIGNED NOT NULL,
  `created_at` timestamp NULL DEFAULT NULL,
  `updated_at` timestamp NULL DEFAULT NULL
) ENGINE=InnoDB DEFAULT CHARSET=utf8mb4 COLLATE=utf8mb4_unicode_ci;

--
-- Dumping data for table `deals_branches`
--

INSERT INTO `deals_branches` (`id`, `deal_id`, `branch_id`, `created_at`, `updated_at`) VALUES
(90, 5, 3, '2021-08-04 09:04:15', '2021-08-04 09:04:15'),
(99, 7, 3, '2021-08-04 10:04:01', '2021-08-04 10:04:01'),
(102, 10, 3, '2021-08-04 10:08:01', '2021-08-04 10:08:01'),
(103, 9, 8, '2021-08-04 10:25:55', '2021-08-04 10:25:55'),
(104, 9, 3, '2021-08-04 10:25:55', '2021-08-04 10:25:55'),
(105, 9, 4, '2021-08-04 10:25:55', '2021-08-04 10:25:55'),
(106, 9, 2, '2021-08-04 10:25:55', '2021-08-04 10:25:55'),
(107, 9, 1, '2021-08-04 10:25:55', '2021-08-04 10:25:55'),
(108, 9, 15, '2021-08-04 10:25:55', '2021-08-04 10:25:55'),
(109, 9, 16, '2021-08-04 10:25:55', '2021-08-04 10:25:55'),
(110, 9, 17, '2021-08-04 10:25:55', '2021-08-04 10:25:55'),
(116, 3, 8, '2021-08-04 10:45:28', '2021-08-04 10:45:28'),
(117, 3, 1, '2021-08-04 10:45:28', '2021-08-04 10:45:28'),
(118, 3, 2, '2021-08-04 10:45:28', '2021-08-04 10:45:28'),
(119, 3, 3, '2021-08-04 10:45:28', '2021-08-04 10:45:28'),
(120, 3, 4, '2021-08-04 10:45:28', '2021-08-04 10:45:28'),
(121, 4, 4, '2021-08-04 10:45:51', '2021-08-04 10:45:51'),
(122, 4, 3, '2021-08-04 10:45:51', '2021-08-04 10:45:51'),
(124, 11, 3, '2021-08-04 17:14:20', '2021-08-04 17:14:20'),
(222, 2, 1, '2021-09-16 10:34:16', '2021-09-16 10:34:16'),
(223, 2, 2, '2021-09-16 10:34:16', '2021-09-16 10:34:16'),
(224, 2, 3, '2021-09-16 10:34:16', '2021-09-16 10:34:16'),
(225, 2, 4, '2021-09-16 10:34:16', '2021-09-16 10:34:16'),
(226, 2, 8, '2021-09-16 10:34:16', '2021-09-16 10:34:16'),
(227, 6, 3, '2021-09-16 10:37:35', '2021-09-16 10:37:35'),
(238, 1, 1, '2021-09-17 12:48:47', '2021-09-17 12:48:47'),
(239, 1, 2, '2021-09-17 12:48:47', '2021-09-17 12:48:47'),
(240, 1, 3, '2021-09-17 12:48:47', '2021-09-17 12:48:47'),
(241, 1, 4, '2021-09-17 12:48:47', '2021-09-17 12:48:47'),
(242, 1, 8, '2021-09-17 12:48:47', '2021-09-17 12:48:47'),
(261, 8, 8, '2021-09-17 13:21:04', '2021-09-17 13:21:04'),
(262, 8, 3, '2021-09-17 13:21:04', '2021-09-17 13:21:04'),
(263, 8, 4, '2021-09-17 13:21:04', '2021-09-17 13:21:04'),
(264, 8, 2, '2021-09-17 13:21:04', '2021-09-17 13:21:04'),
(265, 8, 1, '2021-09-17 13:21:04', '2021-09-17 13:21:04'),
(266, 8, 15, '2021-09-17 13:21:04', '2021-09-17 13:21:04'),
(267, 8, 16, '2021-09-17 13:21:04', '2021-09-17 13:21:04'),
(268, 8, 17, '2021-09-17 13:21:04', '2021-09-17 13:21:04'),
(269, 8, 22, '2021-09-17 13:21:04', '2021-09-17 13:21:04');

-- --------------------------------------------------------

--
-- Table structure for table `deals_inclusions`
--

CREATE TABLE `deals_inclusions` (
  `id` bigint(20) UNSIGNED NOT NULL,
  `deal_id` bigint(20) UNSIGNED NOT NULL,
  `service_id` bigint(20) UNSIGNED DEFAULT NULL,
  `product_id` bigint(20) UNSIGNED DEFAULT NULL,
  `quantity` smallint(5) UNSIGNED NOT NULL,
  `price` decimal(10,2) UNSIGNED NOT NULL,
  `created_at` timestamp NULL DEFAULT NULL,
  `updated_at` timestamp NULL DEFAULT NULL
) ENGINE=InnoDB DEFAULT CHARSET=utf8mb4 COLLATE=utf8mb4_unicode_ci;

--
-- Dumping data for table `deals_inclusions`
--

INSERT INTO `deals_inclusions` (`id`, `deal_id`, `service_id`, `product_id`, `quantity`, `price`, `created_at`, `updated_at`) VALUES
(1, 1, 29, NULL, 1, '555.00', NULL, NULL),
(2, 1, NULL, 1, 1, '50000.00', NULL, NULL),
(3, 2, 35, NULL, 2, '200.00', NULL, NULL),
(4, 2, 36, NULL, 1, '7000.00', NULL, NULL),
(5, 3, 36, NULL, 1, '7000.00', NULL, NULL),
(6, 3, 35, NULL, 2, '200.00', NULL, NULL),
(7, 3, NULL, 1, 1, '50000.00', NULL, NULL),
(8, 4, 36, NULL, 1, '7000.00', NULL, NULL),
(9, 4, NULL, 1, 1, '50000.00', NULL, NULL),
(10, 5, 29, NULL, 1, '555.00', NULL, NULL),
(11, 5, 36, NULL, 1, '7000.00', NULL, NULL),
(12, 6, 36, NULL, 1, '7000.00', NULL, NULL),
(13, 6, 29, NULL, 1, '555.00', NULL, NULL),
(14, 7, NULL, NULL, 1, '50.00', '2021-07-07 08:53:34', '2021-07-07 08:53:34'),
(15, 7, NULL, NULL, 1, '555.00', '2021-07-07 08:53:34', '2021-07-07 08:53:34'),
(16, 8, 29, NULL, 1, '555.00', '2021-07-30 18:16:58', '2021-07-30 18:16:58'),
(17, 8, NULL, 4, 1, '50.00', '2021-07-30 18:16:58', '2021-07-30 18:16:58'),
(18, 9, 1, NULL, 1, '500000.00', '2021-07-30 18:17:54', '2021-07-30 18:17:54'),
(19, 9, NULL, 3, 1, '1675.00', '2021-07-30 18:17:54', '2021-07-30 18:17:54'),
(20, 10, 1, NULL, 1, '250000.00', '2021-08-04 10:05:49', '2021-08-04 10:05:49'),
(21, 10, 28, NULL, 1, '2000.00', '2021-08-04 10:05:49', '2021-08-04 10:05:49'),
(22, 11, NULL, 3, 2, '1675.00', '2021-08-04 17:14:20', '2021-08-04 17:14:20'),
(23, 11, NULL, 4, 1, '50.00', '2021-08-04 17:14:20', '2021-08-04 17:14:20');

-- --------------------------------------------------------

--
-- Table structure for table `discounts`
--

CREATE TABLE `discounts` (
  `id` bigint(20) UNSIGNED NOT NULL,
  `business_id` bigint(20) UNSIGNED NOT NULL,
  `title` varchar(100) COLLATE utf8mb4_unicode_ci NOT NULL,
  `type` enum('percentage','amount') COLLATE utf8mb4_unicode_ci NOT NULL,
  `value` decimal(8,2) UNSIGNED NOT NULL,
  `enable_for_service` tinyint(1) NOT NULL DEFAULT '1',
  `enable_for_product` tinyint(1) NOT NULL DEFAULT '1',
  `enable_for_voucher` tinyint(1) NOT NULL DEFAULT '1',
  `created_at` timestamp NULL DEFAULT NULL,
  `updated_at` timestamp NULL DEFAULT NULL
) ENGINE=InnoDB DEFAULT CHARSET=utf8mb4 COLLATE=utf8mb4_unicode_ci;

--
-- Dumping data for table `discounts`
--

INSERT INTO `discounts` (`id`, `business_id`, `title`, `type`, `value`, `enable_for_service`, `enable_for_product`, `enable_for_voucher`, `created_at`, `updated_at`) VALUES
(1, 1, 'Pakistan day', 'percentage', '23.00', 1, 1, 1, '2021-08-10 12:56:01', '2021-08-10 12:56:01'),
(3, 1, 'Senior Citizens', 'percentage', '35.00', 1, 1, 1, '2021-08-11 07:07:44', '2021-08-11 07:07:44');

-- --------------------------------------------------------

--
-- Table structure for table `expenses_summary`
--

CREATE TABLE `expenses_summary` (
  `id` bigint(20) UNSIGNED NOT NULL,
  `business_id` bigint(20) UNSIGNED NOT NULL,
  `branch_id` bigint(20) UNSIGNED NOT NULL,
  `staff_id` bigint(20) UNSIGNED NOT NULL,
  `title` varchar(100) COLLATE utf8mb4_unicode_ci NOT NULL,
  `category` varchar(100) COLLATE utf8mb4_unicode_ci NOT NULL,
  `price` decimal(8,2) UNSIGNED NOT NULL,
  `created_at` timestamp NULL DEFAULT NULL,
  `updated_at` timestamp NULL DEFAULT NULL
) ENGINE=InnoDB DEFAULT CHARSET=utf8mb4 COLLATE=utf8mb4_unicode_ci;

--
-- Dumping data for table `expenses_summary`
--

INSERT INTO `expenses_summary` (`id`, `business_id`, `branch_id`, `staff_id`, `title`, `category`, `price`, `created_at`, `updated_at`) VALUES
(1, 1, 2, 1, 'Tea', 'office-supplies', '822.00', '2021-07-15 19:41:45', '2021-07-15 19:41:45'),
(2, 1, 8, 1, 'Awaein', 'rent-mortgage-payments', '888.00', '2021-07-15 19:43:03', '2021-07-15 19:43:03'),
(3, 1, 4, 1, 'Chae Shaee with Friends', 'utilities', '5000.00', '2021-08-10 15:14:19', '2021-08-10 15:14:19'),
(4, 1, 4, 1, '123', 'office-supplies', '22.00', '2021-08-11 07:09:17', '2021-08-11 07:09:17'),
(5, 1, 1, 1, 'New Furniture', 'utilities', '60000.00', '2021-08-27 08:33:18', '2021-08-27 08:33:18');

-- --------------------------------------------------------

--
-- Table structure for table `inventory_brands`
--

CREATE TABLE `inventory_brands` (
  `id` bigint(20) UNSIGNED NOT NULL,
  `business_id` bigint(20) UNSIGNED NOT NULL,
  `name` varchar(100) COLLATE utf8mb4_unicode_ci NOT NULL,
  `created_at` timestamp NULL DEFAULT NULL,
  `updated_at` timestamp NULL DEFAULT NULL
) ENGINE=InnoDB DEFAULT CHARSET=utf8mb4 COLLATE=utf8mb4_unicode_ci;

--
-- Dumping data for table `inventory_brands`
--

INSERT INTO `inventory_brands` (`id`, `business_id`, `name`, `created_at`, `updated_at`) VALUES
(1, 1, 'Samsung', '2021-03-29 14:31:09', '2021-03-29 14:31:09'),
(2, 1, 'Apple', '2021-04-27 07:19:54', '2021-04-27 07:19:54'),
(4, 1, 'Xiaomi', '2021-07-04 10:48:52', '2021-07-04 10:48:52');

-- --------------------------------------------------------

--
-- Table structure for table `inventory_categories`
--

CREATE TABLE `inventory_categories` (
  `id` bigint(20) UNSIGNED NOT NULL,
  `business_id` bigint(20) UNSIGNED NOT NULL,
  `name` varchar(100) COLLATE utf8mb4_unicode_ci NOT NULL,
  `created_at` timestamp NULL DEFAULT NULL,
  `updated_at` timestamp NULL DEFAULT NULL
) ENGINE=InnoDB DEFAULT CHARSET=utf8mb4 COLLATE=utf8mb4_unicode_ci;

--
-- Dumping data for table `inventory_categories`
--

INSERT INTO `inventory_categories` (`id`, `business_id`, `name`, `created_at`, `updated_at`) VALUES
(1, 1, 'Hair Products', '2021-03-29 14:37:57', '2021-03-29 14:37:57'),
(2, 1, 'Mobile Phones', '2021-03-29 14:38:23', '2021-08-17 12:19:11'),
(3, 2, 'Zombie Phones', NULL, NULL);

-- --------------------------------------------------------

--
-- Table structure for table `inventory_history`
--

CREATE TABLE `inventory_history` (
  `id` bigint(20) UNSIGNED NOT NULL,
  `business_id` bigint(20) UNSIGNED NOT NULL,
  `product_id` bigint(20) UNSIGNED NOT NULL,
  `branch_id` bigint(20) UNSIGNED DEFAULT NULL,
  `staff_id` bigint(20) UNSIGNED NOT NULL,
  `reason` varchar(100) COLLATE utf8mb4_unicode_ci DEFAULT NULL,
  `description` text COLLATE utf8mb4_unicode_ci,
  `action` enum('+','-') COLLATE utf8mb4_unicode_ci DEFAULT NULL,
  `quantity` int(10) UNSIGNED DEFAULT NULL,
  `cost_price` decimal(8,2) UNSIGNED DEFAULT '0.00',
  `invoice_id` bigint(20) UNSIGNED DEFAULT NULL,
  `created_at` timestamp NULL DEFAULT NULL,
  `updated_at` timestamp NULL DEFAULT NULL
) ENGINE=InnoDB DEFAULT CHARSET=utf8mb4 COLLATE=utf8mb4_unicode_ci;

--
-- Dumping data for table `inventory_history`
--

INSERT INTO `inventory_history` (`id`, `business_id`, `product_id`, `branch_id`, `staff_id`, `reason`, `description`, `action`, `quantity`, `cost_price`, `invoice_id`, `created_at`, `updated_at`) VALUES
(1, 1, 1, 1, 1, 'new_stock', NULL, '+', 250, '0.00', NULL, '2021-03-30 06:55:55', '2021-03-30 06:55:55'),
(2, 1, 1, 3, 1, NULL, NULL, '-', 3, '0.00', 1, '2021-04-16 07:54:44', '2021-04-16 07:54:44'),
(5, 1, 1, 3, 1, 'other', 'Destroyed by Danish Bhayani', '-', 7, '0.00', NULL, '2021-04-16 08:32:24', '2021-04-16 08:32:24'),
(6, 1, 1, 8, 1, 'new_stock', NULL, '+', 60, '0.00', NULL, '2021-04-16 10:58:39', '2021-04-16 10:58:39'),
(8, 1, 1, 3, 1, NULL, 'Voided Invoice ISM-23', '+', 3, '0.00', NULL, '2021-04-19 12:56:45', '2021-04-19 12:56:45'),
(9, 1, 1, 3, 1, NULL, NULL, '-', 1, '0.00', 1, '2021-04-20 10:56:00', '2021-04-20 10:56:00'),
(10, 1, 1, 3, 1, NULL, NULL, '-', 1, '0.00', 1, '2021-04-20 10:56:55', '2021-04-20 10:56:55'),
(11, 1, 1, 3, 1, NULL, NULL, '-', 1, '0.00', 2, '2021-04-20 11:00:14', '2021-04-20 11:00:14'),
(12, 1, 1, 3, 1, NULL, NULL, '-', 1, '0.00', 1, '2021-04-20 11:00:49', '2021-04-20 11:00:49'),
(13, 1, 1, 3, 1, NULL, 'Voided Invoice ISM-28', '+', 1, '0.00', NULL, '2021-04-20 11:39:58', '2021-04-20 11:39:58'),
(14, 1, 1, 3, 1, NULL, NULL, '-', 5, '0.00', 2, '2021-04-20 11:41:47', '2021-04-20 11:41:47'),
(15, 1, 1, 3, 1, NULL, NULL, '-', 8, '0.00', 4, '2021-04-21 11:05:34', '2021-04-21 11:05:34'),
(16, 1, 1, 3, 1, NULL, NULL, '-', 1, '0.00', 6, '2021-04-21 12:40:09', '2021-04-21 12:40:09'),
(19, 1, 1, 3, 1, NULL, 'Voided Invoice ISM-31', '+', 8, '0.00', NULL, '2021-04-22 08:55:04', '2021-04-22 08:55:04'),
(20, 1, 1, 3, 1, NULL, NULL, '-', 1, '0.00', 10, '2021-04-26 13:42:59', '2021-04-26 13:42:59'),
(21, 1, 2, 3, 1, 'new_stock', NULL, '+', 500, '50000.00', NULL, '2021-04-27 07:21:33', '2021-04-27 07:21:33'),
(22, 1, 2, 3, 1, NULL, NULL, '-', 5, '0.00', 13, '2021-04-27 07:56:59', '2021-04-27 07:56:59'),
(23, 1, 2, 3, 1, NULL, 'Voided Invoice ISM-35', '+', 5, '0.00', NULL, '2021-04-27 10:21:41', '2021-04-27 10:21:41'),
(24, 1, 2, 3, 1, NULL, NULL, '-', 6, '0.00', 14, '2021-04-27 10:23:33', '2021-04-27 10:23:33'),
(25, 1, 2, 3, 1, 'new_stock', NULL, '+', 6, '0.00', NULL, '2021-04-27 11:55:08', '2021-04-27 11:55:08'),
(26, 1, 2, 3, 1, 'internal_use', NULL, '-', 6, '0.00', NULL, '2021-04-27 11:55:57', '2021-04-27 11:55:57'),
(27, 1, 2, 3, 1, NULL, NULL, '-', 4, '0.00', 16, '2021-04-28 08:48:44', '2021-04-28 08:48:44'),
(28, 1, 2, 3, 1, NULL, 'Voided Invoice ISM-38', '+', 4, '0.00', NULL, '2021-04-28 08:50:15', '2021-04-28 08:50:15'),
(29, 1, 2, 3, 1, NULL, NULL, '-', 2, '0.00', 17, '2021-04-28 08:51:03', '2021-04-28 08:51:03'),
(30, 1, 2, 3, 1, NULL, 'Voided Invoice ISM-39', '+', 2, '0.00', NULL, '2021-04-28 08:52:17', '2021-04-28 08:52:17'),
(31, 1, 2, 3, 1, NULL, NULL, '-', 2, '0.00', 18, '2021-04-28 08:52:51', '2021-04-28 08:52:51'),
(32, 1, 2, 3, 1, NULL, NULL, '-', 1, '0.00', 20, '2021-04-28 08:56:52', '2021-04-28 08:56:52'),
(33, 1, 2, 3, 1, NULL, NULL, '-', 1, '0.00', 22, '2021-04-28 08:59:29', '2021-04-28 08:59:29'),
(34, 1, 2, 3, 1, NULL, 'Refunded Invoice ISM-44', '+', 1, '0.00', NULL, '2021-04-28 09:00:29', '2021-04-28 09:00:29'),
(35, 1, 2, 3, 1, NULL, NULL, '-', 6, '0.00', 24, '2021-04-28 09:03:51', '2021-04-28 09:03:51'),
(36, 1, 2, 3, 1, NULL, 'Refunded Invoice ISM-46', '+', 5, '0.00', 26, '2021-04-28 09:04:36', '2021-04-28 09:04:36'),
(37, 1, 2, 3, 1, NULL, 'Sale Invoice #ISM-48', '-', 5, '0.00', 27, '2021-04-28 09:14:22', '2021-04-28 09:14:22'),
(38, 1, 2, 3, 1, NULL, 'Voided Invoice #ISM-48', '+', 5, '0.00', NULL, '2021-04-28 09:16:08', '2021-04-28 09:16:08'),
(39, 1, 2, 3, 1, NULL, 'Sale Invoice #ISM-49', '-', 5, '0.00', 28, '2021-04-28 09:16:52', '2021-04-28 09:16:52'),
(40, 1, 2, 3, 1, NULL, 'Refunded Invoice #ISM-49', '+', 3, '0.00', 29, '2021-04-28 09:17:36', '2021-04-28 09:17:36'),
(41, 1, 2, 3, 1, NULL, 'Sale Invoice #ISM-51', '-', 3, '0.00', 30, '2021-04-28 09:31:34', '2021-04-28 09:31:34'),
(42, 1, 2, 3, 1, NULL, 'Sale Invoice #ISM-52', '-', 1, '0.00', 31, '2021-04-28 09:32:33', '2021-04-28 09:32:33'),
(51, 1, 3, 4, 1, 'new_stock', NULL, '+', 111, '50000.00', NULL, '2021-06-02 19:02:31', '2021-06-02 19:02:31'),
(58, 1, 3, 4, 1, 'internal_use', NULL, '-', 11, '0.00', NULL, '2021-06-02 20:18:42', '2021-06-02 20:18:42'),
(59, 1, 3, 2, 1, 'new_stock', NULL, '+', 100, '50000.00', NULL, '2021-06-02 20:51:16', '2021-06-02 20:51:16'),
(60, 1, 2, 2, 1, NULL, 'Sale against Invoice #ISM-94', '+', 5, '0.00', 24, '2021-07-01 14:42:08', '2021-07-01 14:42:08'),
(61, 1, 1, 2, 1, NULL, 'Sale against Invoice #ISM-95', '+', 1, '0.00', 26, '2021-07-01 15:27:32', '2021-07-01 15:27:32'),
(62, 1, 1, 2, 1, NULL, 'Sale against Invoice #ISM-97', '+', 5, '0.00', 28, '2021-07-02 09:20:06', '2021-07-02 09:20:06'),
(63, 1, 1, 2, 1, NULL, 'Sale against Invoice #ISM-101', '+', 4, '0.00', 35, '2021-07-02 14:39:45', '2021-07-02 14:39:45'),
(64, 1, 30, 2, 1, NULL, 'Refund against Invoice #ISM-102', '-', 2, '0.00', 40, '2021-07-02 14:42:30', '2021-07-02 14:42:30'),
(65, 1, 1, 3, 1, NULL, 'Sale against Invoice #ISM-103', '+', 2, '0.00', 41, '2021-07-02 14:44:36', '2021-07-02 14:44:36'),
(66, 1, 36, 3, 1, NULL, 'Refund against Invoice #ISM-104', '-', 2, '0.00', 42, '2021-07-02 14:46:40', '2021-07-02 14:46:40'),
(67, 1, 4, 2, 1, 'new_stock', NULL, '+', 100, '0.00', NULL, '2021-07-05 11:02:00', '2021-07-05 11:02:00'),
(68, 1, 4, 8, 1, 'new_stock', NULL, '+', 500, '0.00', NULL, '2021-07-05 11:27:33', '2021-07-05 11:27:33'),
(71, 1, 4, 2, 1, 'damaged', NULL, '-', 10, '0.00', NULL, '2021-07-05 11:32:58', '2021-07-05 11:32:58'),
(72, 1, 4, 2, 1, 'other', 'Pata nahe kaha chala gaya', '-', 50, '0.00', NULL, '2021-07-05 11:40:54', '2021-07-05 11:40:54'),
(73, 1, 1, 3, 1, NULL, 'Sale against Invoice #ISM-109', '+', 1, '0.00', 52, '2021-07-06 15:36:07', '2021-07-06 15:36:07'),
(74, 1, 1, 3, 1, NULL, 'Sale against Invoice #ISM-122', '+', 1, '0.00', 81, '2021-07-09 15:31:59', '2021-07-09 15:31:59'),
(75, 1, 1, 3, 1, NULL, 'Sale against Invoice #ISM-126', '+', 1, '0.00', 113, '2021-07-12 15:08:59', '2021-07-12 15:08:59'),
(77, 1, 1, 3, 1, NULL, 'Voided Invoice #ISM-126', '+', 1, '0.00', NULL, '2021-07-12 15:16:46', '2021-07-12 15:16:46'),
(78, 1, 1, 3, 1, NULL, 'Sale against Invoice #ISM-127', '+', 1, '0.00', 114, '2021-07-12 15:24:24', '2021-07-12 15:24:24'),
(79, 1, 1, 3, 1, NULL, 'Voided Invoice #ISM-127', '+', 1, '0.00', NULL, '2021-07-12 15:24:55', '2021-07-12 15:24:55'),
(80, 1, 1, 3, 1, NULL, 'Sale against Invoice #ISM-128', '+', 1, '0.00', 115, '2021-07-12 15:30:14', '2021-07-12 15:30:14'),
(81, 1, 1, 3, 1, NULL, 'Sale against Invoice #ISM-129', '+', 5, '0.00', 116, '2021-07-14 13:30:13', '2021-07-14 13:30:13'),
(82, 1, 91, 3, 1, NULL, 'Refund against Invoice #ISM-130', '-', 2, '0.00', 117, '2021-07-14 14:41:17', '2021-07-14 14:41:17'),
(83, 1, 1, 3, 1, NULL, 'Sale against Invoice #ISM-131', '+', 5, '0.00', 118, '2021-07-14 15:18:48', '2021-07-14 15:18:48'),
(84, 1, 93, 3, 1, NULL, 'Refund against Invoice #ISM-132', '-', 2, '0.00', 119, '2021-07-14 15:36:30', '2021-07-14 15:36:30'),
(85, 1, 1, 3, 1, NULL, 'Sale against Invoice #ISM-133', '+', 5, '0.00', 1, '2021-07-15 14:08:14', '2021-07-15 14:08:14'),
(86, 1, 1, 3, 1, NULL, 'Sale against Invoice #ISM-134', '+', 5, '0.00', 1, '2021-07-15 14:10:32', '2021-07-15 14:10:32'),
(87, 1, 1, 3, 1, NULL, 'Sale against Invoice #ISM-135', '+', 5, '0.00', 1, '2021-07-15 14:20:08', '2021-07-15 14:20:08'),
(88, 1, 1, 3, 1, 'new_stock', NULL, '+', 500, '0.00', NULL, '2021-07-15 14:34:51', '2021-07-15 14:34:51'),
(89, 1, 1, 3, 1, NULL, 'Sale against Invoice #ISM-136', '+', 5, '0.00', 1, '2021-07-15 14:52:18', '2021-07-15 14:52:18'),
(90, 1, 1, 3, 1, NULL, 'Refund against Invoice #ISM-137', '-', 1, '0.00', 2, '2021-07-15 17:00:06', '2021-07-15 17:00:06'),
(91, 1, 1, 3, 1, NULL, 'Sale against Invoice #ISM-139', '+', 1, '0.00', 2, '2021-07-16 07:42:19', '2021-07-16 07:42:19'),
(92, 1, 1, 8, 1, 'new_stock', NULL, '+', 50, '0.00', NULL, '2021-08-24 15:33:34', '2021-08-24 15:33:34'),
(93, 1, 1, 8, 10, NULL, 'Sale against Invoice #4', '+', 1, '0.00', 17, '2021-08-24 15:33:55', '2021-08-24 15:33:55'),
(94, 1, 1, 8, 10, NULL, 'Sale against Invoice #5', '+', 2, '0.00', 18, '2021-08-24 15:38:14', '2021-08-24 15:38:14'),
(95, 1, 1, 8, 10, NULL, 'Sale against Invoice #6', '+', 2, '0.00', 19, '2021-08-24 15:38:57', '2021-08-24 15:38:57'),
(96, 1, 1, 8, 1, NULL, 'Sale against Invoice #7', '+', 5, '0.00', 20, '2021-08-25 09:49:37', '2021-08-25 09:49:37'),
(97, 1, 1, 8, 1, NULL, 'Voided Invoice #7', '+', 5, '0.00', NULL, '2021-08-25 09:50:01', '2021-08-25 09:50:01'),
(98, 1, 1, 8, 10, NULL, 'Sale against Invoice #8', '+', 5, '0.00', 21, '2021-08-25 09:50:19', '2021-08-25 09:50:19'),
(99, 1, 1, 8, 10, NULL, 'Voided Invoice #8', '+', 5, '0.00', NULL, '2021-08-25 09:53:27', '2021-08-25 09:53:27'),
(100, 1, 1, 8, 10, NULL, 'Sale against Invoice #9', '+', 5, '0.00', 22, '2021-08-25 09:53:42', '2021-08-25 09:53:42'),
(101, 1, 22, 8, 10, NULL, 'Refund against Invoice #10', '-', 2, '0.00', 23, '2021-08-25 10:12:26', '2021-08-25 10:12:26'),
(102, 1, 1, 8, 10, NULL, 'Sale against Invoice #11', '+', 5, '0.00', 24, '2021-08-25 14:39:21', '2021-08-25 14:39:21'),
(103, 1, 24, 8, 10, NULL, 'Refund against Invoice #12', '-', 3, '0.00', 25, '2021-08-25 14:40:02', '2021-08-25 14:40:02'),
(104, 1, 1, 3, 1, NULL, 'Sale against Invoice #ISM-148', '+', 10, '0.00', 26, '2021-08-26 10:50:07', '2021-08-26 10:50:07'),
(105, 1, 26, 3, 1, NULL, 'Refund against Invoice #ISM-149', '-', 5, '0.00', 27, '2021-08-26 11:55:05', '2021-08-26 11:55:05'),
(106, 1, 1, 3, 10, NULL, 'Sale against Invoice #ISM-150', '+', 10, '0.00', 28, '2021-08-27 11:20:07', '2021-08-27 11:20:07'),
(107, 1, 4, 3, 1, 'new_stock', NULL, '+', 100, '0.00', NULL, '2021-08-27 11:27:57', '2021-08-27 11:27:57'),
(108, 1, 4, 3, 1, NULL, 'Sale against Invoice #ISM-151', '+', 10, '0.00', 29, '2021-08-27 11:28:27', '2021-08-27 11:28:27'),
(109, 1, 29, 3, 1, NULL, 'Refund against Invoice #ISM-152', '-', 5, '0.00', 30, '2021-08-27 12:00:56', '2021-08-27 12:00:56'),
(110, 1, 4, 3, 10, NULL, 'Sale against Invoice #ISM-153', '+', 10, '0.00', 31, '2021-08-27 12:08:32', '2021-08-27 12:08:32'),
(111, 1, 31, 3, 10, NULL, 'Refund against Invoice #ISM-154', '-', 5, '0.00', 32, '2021-08-27 12:09:05', '2021-08-27 12:09:05'),
(112, 1, 4, 3, 10, NULL, 'Voided Invoice #ISM-154', '+', 5, '0.00', NULL, '2021-08-27 14:02:07', '2021-08-27 14:02:07'),
(113, 1, 31, 3, 10, NULL, 'Refund against Invoice #ISM-155', '-', 5, '0.00', 33, '2021-08-27 14:03:57', '2021-08-27 14:03:57'),
(114, 1, 4, 3, 10, NULL, 'Voided Invoice #ISM-155', '+', 5, '0.00', NULL, '2021-08-27 14:04:11', '2021-08-27 14:04:11'),
(117, 1, 1, 3, 1, NULL, 'Sale against Invoice #ISM-180', '+', 1, '0.00', 73, '2021-09-01 14:45:21', '2021-09-01 14:45:21'),
(118, 1, 1, 3, 1, NULL, 'Sale against Invoice #ISM-181', '+', 1, '0.00', 74, '2021-09-01 14:46:10', '2021-09-01 14:46:10'),
(119, 1, 1, 3, 1, NULL, 'Sale against Invoice #ISM-182', '+', 1, '0.00', 75, '2021-09-01 14:50:21', '2021-09-01 14:50:21'),
(120, 1, 1, 3, 1, NULL, 'Sale against Invoice #ISM-183', '+', 1, '0.00', 76, '2021-09-01 14:53:54', '2021-09-01 14:53:54'),
(121, 1, 1, 3, 1, NULL, 'Sale against Invoice #ISM-184', '+', 1, '0.00', 77, '2021-09-01 15:01:15', '2021-09-01 15:01:15'),
(122, 1, 1, 3, 1, NULL, 'Sale against Invoice #ISM-185', '+', 1, '0.00', 78, '2021-09-01 15:20:19', '2021-09-01 15:20:19'),
(123, 1, 1, 3, 1, NULL, 'Sale against Invoice #ISM-186', '+', 5, '0.00', 79, '2021-09-02 05:59:41', '2021-09-02 05:59:41'),
(124, 1, 1, 3, 1, NULL, 'Sale against Invoice #ISM-188', '+', 5, '0.00', 81, '2021-09-02 06:01:35', '2021-09-02 06:01:35'),
(125, 1, 1, 3, 1, NULL, 'Sale against Invoice #ISM-189', '+', 5, '0.00', 82, '2021-09-02 06:03:50', '2021-09-02 06:03:50'),
(126, 1, 1, 3, 1, NULL, 'Sale against Invoice #ISM-190', '+', 2, '0.00', 83, '2021-09-02 08:07:11', '2021-09-02 08:07:11'),
(127, 1, 1, 3, 1, NULL, 'Sale against Invoice #ISM-191', '+', 2, '0.00', 84, '2021-09-02 08:11:45', '2021-09-02 08:11:45'),
(128, 1, 1, 3, 1, NULL, 'Sale against Invoice #ISM-192', '+', 10, '0.00', 85, '2021-09-02 08:42:28', '2021-09-02 08:42:28'),
(129, 1, 1, 3, 1, NULL, 'Sale against Invoice #ISM-193', '+', 10, '0.00', 86, '2021-09-02 08:55:00', '2021-09-02 08:55:00'),
(130, 1, 1, 3, 1, NULL, 'Sale against Invoice #ISM-194', '+', 5, '0.00', 87, '2021-09-02 11:06:50', '2021-09-02 11:06:50'),
(131, 1, 1, 3, 1, NULL, 'Sale against Invoice #ISM-195', '+', 5, '0.00', 88, '2021-09-02 11:20:43', '2021-09-02 11:20:43'),
(132, 1, 1, 3, 1, NULL, 'Voided Invoice #ISM-195', '+', 5, '0.00', NULL, '2021-09-02 11:21:15', '2021-09-02 11:21:15'),
(133, 1, 1, 3, 1, NULL, 'Sale against Invoice #ISM-196', '+', 5, '0.00', 89, '2021-09-02 11:21:35', '2021-09-02 11:21:35'),
(134, 1, 1, 3, 1, NULL, 'Voided Invoice #ISM-196', '+', 5, '0.00', NULL, '2021-09-02 11:22:08', '2021-09-02 11:22:08'),
(135, 1, 1, 3, 1, NULL, 'Sale against Invoice #ISM-197', '+', 5, '0.00', 90, '2021-09-02 11:35:05', '2021-09-02 11:35:05'),
(136, 1, 1, 3, 1, NULL, 'Voided Invoice #ISM-197', '+', 5, '0.00', NULL, '2021-09-02 11:35:45', '2021-09-02 11:35:45'),
(137, 1, 1, 3, 1, NULL, 'Sale against Invoice #ISM-198', '+', 5, '0.00', 91, '2021-09-02 11:35:59', '2021-09-02 11:35:59'),
(138, 1, 1, 3, 1, NULL, 'Sale against Invoice #ISM-199', '+', 5, '0.00', 92, '2021-09-02 11:48:25', '2021-09-02 11:48:25'),
(139, 1, 1, 3, 1, NULL, 'Voided Invoice #ISM-199', '+', 5, '0.00', NULL, '2021-09-02 11:48:44', '2021-09-02 11:48:44'),
(140, 1, 1, 3, 1, NULL, 'Sale against Invoice #ISM-200', '+', 15, '0.00', 93, '2021-09-02 11:49:17', '2021-09-02 11:49:17'),
(141, 1, 1, 3, 1, NULL, 'Voided Invoice #ISM-200', '+', 15, '0.00', NULL, '2021-09-02 12:23:48', '2021-09-02 12:23:48'),
(142, 1, 1, 3, 1, NULL, 'Sale against Invoice #ISM-201', '+', 15, '0.00', 94, '2021-09-02 12:24:42', '2021-09-02 12:24:42'),
(143, 1, 1, 3, 1, NULL, 'Voided Invoice #ISM-201', '+', 15, '0.00', NULL, '2021-09-02 12:25:56', '2021-09-02 12:25:56'),
(144, 1, 1, 3, 1, NULL, 'Sale against Invoice #ISM-202', '+', 15, '0.00', 95, '2021-09-02 12:26:30', '2021-09-02 12:26:30'),
(145, 1, 1, 3, 1, NULL, 'Voided Invoice #ISM-202', '+', 15, '0.00', NULL, '2021-09-02 12:26:41', '2021-09-02 12:26:41'),
(146, 1, 1, 3, 1, NULL, 'Sale against Invoice #ISM-203', '+', 5, '0.00', 96, '2021-09-02 12:26:54', '2021-09-02 12:26:54'),
(147, 1, 1, 3, 1, NULL, 'Sale against Invoice #ISM-204', '+', 5, '0.00', 97, '2021-09-02 12:34:53', '2021-09-02 12:34:53'),
(148, 1, 1, 3, 1, NULL, 'Voided Invoice #ISM-204', '+', 5, '0.00', NULL, '2021-09-02 12:35:49', '2021-09-02 12:35:49'),
(149, 1, 1, 8, 1, NULL, 'Sale against Invoice #20', '+', 1, '0.00', 114, '2021-09-16 11:11:17', '2021-09-16 11:11:17'),
(150, 1, 1, 3, 1, NULL, 'Sale against Invoice #ISM-214', '+', 1, '0.00', 115, '2021-09-17 11:19:02', '2021-09-17 11:19:02'),
(151, 1, 1, 3, 1, NULL, 'Voided Invoice #ISM-214', '+', 1, '0.00', NULL, '2021-09-17 11:26:01', '2021-09-17 11:26:01'),
(152, 1, 1, 3, 1, NULL, 'Sale against Invoice #ISM-215', '+', 5, '0.00', 116, '2021-09-17 11:30:22', '2021-09-17 11:30:22'),
(153, 1, 4, 3, 1, NULL, 'Sale against Invoice #ISM-216', '+', 2, '0.00', 117, '2021-09-17 13:11:59', '2021-09-17 13:11:59');

-- --------------------------------------------------------

--
-- Table structure for table `inventory_products`
--

CREATE TABLE `inventory_products` (
  `id` bigint(20) UNSIGNED NOT NULL,
  `business_id` bigint(20) UNSIGNED NOT NULL,
  `category_id` bigint(20) UNSIGNED DEFAULT NULL,
  `brand_id` bigint(20) UNSIGNED DEFAULT NULL,
  `name` varchar(100) COLLATE utf8mb4_unicode_ci NOT NULL,
  `description` varchar(500) COLLATE utf8mb4_unicode_ci DEFAULT NULL,
  `barcode` varchar(50) COLLATE utf8mb4_unicode_ci DEFAULT NULL,
  `sku` varchar(50) COLLATE utf8mb4_unicode_ci DEFAULT NULL,
  `enable_retail_sales` tinyint(1) NOT NULL DEFAULT '1',
  `retail_price` decimal(8,2) UNSIGNED DEFAULT NULL,
  `special_price` decimal(8,2) UNSIGNED DEFAULT NULL,
  `enable_commission` tinyint(1) NOT NULL DEFAULT '1',
  `enable_stock_control` tinyint(1) NOT NULL DEFAULT '1',
  `supply_price` decimal(8,2) UNSIGNED DEFAULT NULL,
  `supplier_id` bigint(20) UNSIGNED DEFAULT NULL,
  `stock_on_hand` int(10) UNSIGNED DEFAULT NULL,
  `created_at` timestamp NULL DEFAULT NULL,
  `updated_at` timestamp NULL DEFAULT NULL
) ENGINE=InnoDB DEFAULT CHARSET=utf8mb4 COLLATE=utf8mb4_unicode_ci;

--
-- Dumping data for table `inventory_products`
--

INSERT INTO `inventory_products` (`id`, `business_id`, `category_id`, `brand_id`, `name`, `description`, `barcode`, `sku`, `enable_retail_sales`, `retail_price`, `special_price`, `enable_commission`, `enable_stock_control`, `supply_price`, `supplier_id`, `stock_on_hand`, `created_at`, `updated_at`) VALUES
(1, 1, 2, 1, 'Large Shampoo', 'Are you kidding me?', NULL, 'BABC123', 1, '50000.00', '40000.00', 1, 1, '80000.00', 1, 715, '2021-03-30 06:55:55', '2021-09-17 11:30:22'),
(2, 1, 2, 2, 'Iphone 11 Pro Max', NULL, NULL, NULL, 1, '112480.00', '100000.00', 1, 1, '50000.00', 1, 479, '2021-04-27 07:20:29', '2021-07-09 11:47:40'),
(3, 1, 1, 1, 'Trimmer', 'Trimmer is for trimming', NULL, NULL, 1, '1675.00', '0.00', 1, 1, '50000.00', 1, 200, '2021-06-01 18:09:07', '2021-08-10 13:08:28'),
(4, 1, 1, 2, 'Biryani Masala', 'Shan Biryani Masala', '123AAaa', '52635AA', 1, '120.00', '100.00', 0, 1, '30.00', 2, 643, '2021-07-05 08:21:04', '2021-09-17 13:11:59'),
(5, 1, 2, 2, 'Iphone 71', 'Ihone 7 yahoo', '111222', '111', 1, '35000.00', '0.00', 1, 1, '0.00', NULL, NULL, '2021-08-11 07:13:40', '2021-08-11 07:13:50');

-- --------------------------------------------------------

--
-- Table structure for table `inventory_suppliers`
--

CREATE TABLE `inventory_suppliers` (
  `id` bigint(20) UNSIGNED NOT NULL,
  `business_id` bigint(20) UNSIGNED NOT NULL,
  `name` varchar(100) COLLATE utf8mb4_unicode_ci NOT NULL,
  `description` varchar(500) COLLATE utf8mb4_unicode_ci DEFAULT NULL,
  `first_name` varchar(50) COLLATE utf8mb4_unicode_ci NOT NULL,
  `last_name` varchar(50) COLLATE utf8mb4_unicode_ci NOT NULL,
  `phone_country_id` bigint(20) UNSIGNED DEFAULT NULL,
  `phone_number` varchar(30) COLLATE utf8mb4_unicode_ci DEFAULT NULL,
  `email` varchar(255) COLLATE utf8mb4_unicode_ci DEFAULT NULL,
  `street` varchar(100) COLLATE utf8mb4_unicode_ci DEFAULT NULL,
  `suburb` varchar(100) COLLATE utf8mb4_unicode_ci DEFAULT NULL,
  `state_id` bigint(20) UNSIGNED DEFAULT NULL,
  `city_id` bigint(20) UNSIGNED DEFAULT NULL,
  `zip_code` int(10) UNSIGNED DEFAULT NULL,
  `created_at` timestamp NULL DEFAULT NULL,
  `updated_at` timestamp NULL DEFAULT NULL
) ENGINE=InnoDB DEFAULT CHARSET=utf8mb4 COLLATE=utf8mb4_unicode_ci;

--
-- Dumping data for table `inventory_suppliers`
--

INSERT INTO `inventory_suppliers` (`id`, `business_id`, `name`, `description`, `first_name`, `last_name`, `phone_country_id`, `phone_number`, `email`, `street`, `suburb`, `state_id`, `city_id`, `zip_code`, `created_at`, `updated_at`) VALUES
(1, 1, 'Zain Mobile', 'I am psycho kid, check me out at wwe', 'Psycho', 'Kid', 1, '3002566366', 'pshcho_kid@yopmai.com', NULL, NULL, 1, 4, 1522, '2021-03-29 14:51:42', '2021-08-10 13:04:43'),
(2, 1, 'DimSum Enterprise', 'howdy you all', 'Dim', 'Sum', 1, '3225636956', 'test@test.com', 'laanti colony', 'asd', 1, 3, 12563, '2021-07-05 07:44:35', '2021-07-05 07:44:35');

-- --------------------------------------------------------

--
-- Table structure for table `invoices`
--

CREATE TABLE `invoices` (
  `id` bigint(20) UNSIGNED NOT NULL,
  `business_id` bigint(20) UNSIGNED NOT NULL,
  `branch_id` bigint(20) UNSIGNED NOT NULL,
  `payment_method_id` bigint(20) UNSIGNED DEFAULT NULL,
  `payment_created_at` timestamp NULL DEFAULT NULL,
  `void_created_at` timestamp NULL DEFAULT NULL,
  `refund_created_at` timestamp NULL DEFAULT NULL,
  `client_id` bigint(20) UNSIGNED DEFAULT NULL,
  `original_invoice_id` bigint(20) UNSIGNED DEFAULT NULL,
  `status` enum('completed','unpaid','voided','refunded') COLLATE utf8mb4_unicode_ci NOT NULL,
  `is_tax_inclusive` tinyint(1) UNSIGNED DEFAULT '0',
  `invoice_number` varchar(100) COLLATE utf8mb4_unicode_ci NOT NULL,
  `grosstotal` decimal(8,2) UNSIGNED DEFAULT NULL,
  `discount` decimal(8,2) UNSIGNED DEFAULT NULL,
  `subtotal` decimal(8,2) UNSIGNED DEFAULT NULL,
  `tax` decimal(8,2) UNSIGNED DEFAULT '0.00',
  `grandtotal` decimal(8,2) UNSIGNED DEFAULT NULL,
  `balance` decimal(8,2) UNSIGNED DEFAULT NULL,
  `payment_received_by` bigint(20) UNSIGNED DEFAULT NULL,
  `notes` mediumtext COLLATE utf8mb4_unicode_ci,
  `created_at` timestamp NULL DEFAULT NULL,
  `updated_at` timestamp NULL DEFAULT NULL
) ENGINE=InnoDB DEFAULT CHARSET=utf8mb4 COLLATE=utf8mb4_unicode_ci;

--
-- Dumping data for table `invoices`
--

INSERT INTO `invoices` (`id`, `business_id`, `branch_id`, `payment_method_id`, `payment_created_at`, `void_created_at`, `refund_created_at`, `client_id`, `original_invoice_id`, `status`, `is_tax_inclusive`, `invoice_number`, `grosstotal`, `discount`, `subtotal`, `tax`, `grandtotal`, `balance`, `payment_received_by`, `notes`, `created_at`, `updated_at`) VALUES
(1, 1, 3, 1, '2021-07-16 07:40:49', NULL, NULL, 2, NULL, 'completed', 0, 'ISM-138', '45000.00', '0.00', '45000.00', '13500.00', '58500.00', '0.00', 1, NULL, '2021-07-16 07:40:49', '2021-07-16 07:40:49'),
(2, 1, 3, 1, '2021-07-16 07:42:19', NULL, NULL, 1, NULL, 'completed', 0, 'ISM-139', '0.00', '0.00', '0.00', '0.00', '0.00', '0.00', 1, NULL, '2021-07-16 07:42:19', '2021-07-16 07:42:19'),
(3, 1, 3, NULL, NULL, NULL, NULL, 17, NULL, 'unpaid', 0, 'ISM-140', '5000.00', '0.00', '5000.00', '0.00', '5000.00', '5000.00', NULL, '', '2021-07-27 11:22:54', '2021-07-27 11:22:54'),
(4, 1, 3, NULL, NULL, NULL, NULL, 17, NULL, 'unpaid', 0, 'ISM-141', '5000.00', '0.00', '5000.00', '500.00', '5500.00', '5500.00', NULL, '', '2021-07-28 07:02:32', '2021-07-28 07:02:32'),
(5, 1, 2, NULL, NULL, NULL, NULL, 17, NULL, 'unpaid', 0, '12', '5000.00', '0.00', '5000.00', '1000.00', '6000.00', '6000.00', NULL, '', '2021-07-28 07:03:12', '2021-07-28 07:03:12'),
(7, 1, 4, NULL, NULL, NULL, NULL, 17, NULL, 'unpaid', 0, 'KDD-100', '39000.00', '0.00', '39000.00', '3900.00', '42900.00', '42900.00', NULL, '', '2021-08-12 06:30:57', '2021-08-12 06:30:57'),
(8, 1, 1, 2, '2021-08-24 15:45:48', NULL, NULL, 17, NULL, 'completed', 0, 'OM-1', '39000.00', '0.00', '39000.00', '0.00', '39000.00', '0.00', NULL, '', '2021-08-12 10:56:08', '2021-08-24 15:45:48'),
(9, 1, 3, 2, '2021-08-24 15:44:49', NULL, NULL, 17, NULL, 'completed', 0, 'ISM-143', '3000.00', '0.00', '3000.00', '300.00', '3300.00', '0.00', NULL, '', '2021-08-12 12:06:37', '2021-08-24 15:44:49'),
(10, 1, 3, 2, '2021-08-24 15:34:02', NULL, NULL, 17, NULL, 'completed', 0, 'ISM-144', '3000.00', '0.00', '3000.00', '300.00', '3300.00', '0.00', NULL, '', '2021-08-12 12:07:21', '2021-08-24 15:34:02'),
(11, 1, 3, 2, '2021-08-24 15:29:37', NULL, NULL, 17, NULL, 'completed', 0, 'ISM-145', '3000.00', '0.00', '3000.00', '300.00', '3300.00', '0.00', NULL, '', '2021-08-13 11:15:12', '2021-08-24 15:29:37'),
(12, 1, 3, 2, '2021-08-24 15:27:49', NULL, NULL, 17, NULL, 'completed', 0, 'ISM-146', '3000.00', '0.00', '3000.00', '300.00', '3300.00', '0.00', NULL, '', '2021-08-13 11:15:29', '2021-08-24 15:27:49'),
(13, 1, 3, 2, '2021-08-24 15:24:01', NULL, NULL, 17, NULL, 'completed', 0, 'ISM-147', '3000.00', '0.00', '3000.00', '300.00', '3300.00', '0.00', NULL, '', '2021-05-08 11:16:47', '2021-08-24 15:24:01'),
(14, 1, 8, 1, '2021-08-20 14:15:41', NULL, NULL, 12, NULL, 'completed', 0, '1', '900.00', '0.00', '900.00', '0.00', '900.00', '0.00', 1, NULL, '2021-08-20 14:12:23', '2021-08-20 14:15:41'),
(15, 1, 8, 1, '2021-08-20 14:21:03', NULL, NULL, 12, NULL, 'completed', 0, '2', '900.00', '0.00', '900.00', '0.00', '900.00', '0.00', 1, NULL, '2021-08-20 14:21:03', '2021-08-20 14:21:03'),
(16, 1, 8, 1, '2021-08-23 12:52:03', '2021-08-23 12:52:24', NULL, 1, NULL, 'voided', 0, '3', '900.00', '35.00', '585.00', '0.00', '585.00', '0.00', 1, NULL, '2021-08-23 12:52:03', '2021-08-23 12:52:24'),
(17, 1, 8, 1, '2021-08-24 15:33:55', NULL, NULL, NULL, NULL, 'completed', 0, '4', '50000.00', '10000.00', '40000.00', '0.00', '40000.00', '0.00', 10, NULL, '2021-08-24 15:33:55', '2021-08-24 15:33:55'),
(18, 1, 8, 1, '2021-08-24 15:38:14', NULL, NULL, NULL, NULL, 'completed', 0, '5', '100000.00', '20000.00', '80000.00', '0.00', '80000.00', '0.00', 10, NULL, '2021-08-24 15:38:14', '2021-08-24 15:38:14'),
(19, 1, 8, 1, '2021-08-24 15:38:57', NULL, NULL, NULL, NULL, 'completed', 0, '6', '100000.00', '20000.00', '80000.00', '0.00', '80000.00', '0.00', 10, NULL, '2021-08-24 15:38:57', '2021-08-24 15:38:57'),
(20, 1, 8, 1, '2021-08-25 09:49:37', '2021-08-25 09:50:01', NULL, NULL, NULL, 'voided', 0, '7', '250000.00', '50000.00', '200000.00', '0.00', '200000.00', '0.00', 1, NULL, '2021-08-25 09:49:37', '2021-08-25 09:50:01'),
(31, 1, 3, 1, '2021-08-27 12:08:32', NULL, NULL, NULL, NULL, 'completed', 0, 'ISM-153', '1200.00', '200.00', '1000.00', '100.00', '1100.00', '0.00', 1, NULL, '2021-08-27 12:08:32', '2021-08-27 12:08:32'),
(32, 1, 3, 1, '2021-08-27 12:09:05', '2021-08-27 14:02:07', NULL, NULL, 31, 'voided', 0, 'ISM-154', '600.00', '100.00', '500.00', '50.00', '550.00', '0.00', 1, NULL, '2021-08-27 12:09:05', '2021-08-27 14:02:07'),
(33, 1, 3, 1, '2021-08-27 14:03:57', '2021-08-27 14:04:11', NULL, NULL, 31, 'voided', 0, 'ISM-155', '600.00', '100.00', '500.00', '50.00', '550.00', '0.00', 1, NULL, '2021-08-27 14:03:57', '2021-08-27 14:04:11'),
(39, 1, 3, NULL, NULL, NULL, NULL, 17, NULL, 'unpaid', 0, 'ISM-156', '39000.00', '0.00', '39000.00', '11700.00', '50700.00', '50700.00', NULL, '', '2021-08-30 05:42:34', '2021-08-30 05:42:34'),
(40, 1, 3, NULL, NULL, NULL, NULL, 17, NULL, 'unpaid', 0, 'ISM-157', '6500.00', '0.00', '6500.00', '650.00', '7150.00', '7150.00', NULL, '', '2021-08-30 05:48:44', '2021-08-30 05:48:44'),
(41, 1, 3, NULL, NULL, NULL, NULL, 17, NULL, 'unpaid', 0, 'ISM-158', '6500.00', '0.00', '6500.00', '650.00', '7150.00', '7150.00', NULL, '', '2021-08-30 06:35:27', '2021-08-30 06:35:27'),
(42, 1, 3, NULL, NULL, NULL, NULL, 17, NULL, 'unpaid', 0, 'ISM-159', '6500.00', '0.00', '6500.00', '650.00', '7150.00', '7150.00', NULL, '', '2021-08-30 06:35:40', '2021-08-30 06:35:40'),
(43, 1, 3, NULL, NULL, NULL, NULL, 17, NULL, 'unpaid', 0, 'ISM-160', '6500.00', '0.00', '6500.00', '650.00', '7150.00', '7150.00', NULL, '', '2021-08-30 06:36:05', '2021-08-30 06:36:05'),
(44, 1, 3, NULL, NULL, NULL, NULL, 17, NULL, 'unpaid', 0, 'ISM-161', '6500.00', '0.00', '6500.00', '650.00', '7150.00', '7150.00', NULL, '', '2021-08-30 06:36:28', '2021-08-30 06:36:28'),
(45, 1, 3, NULL, NULL, NULL, NULL, 17, NULL, 'unpaid', 0, 'ISM-162', '39000.00', '0.00', '39000.00', '11700.00', '50700.00', '50700.00', NULL, '', '2021-08-30 08:01:42', '2021-08-30 08:01:42'),
(46, 1, 8, NULL, NULL, NULL, NULL, 17, NULL, 'unpaid', 0, '13', '39000.00', '0.00', '39000.00', '0.00', '39000.00', '39000.00', NULL, '', '2021-08-30 08:05:38', '2021-08-30 08:05:38'),
(47, 1, 3, NULL, NULL, NULL, NULL, 17, NULL, 'unpaid', 0, 'ISM-163', '39000.00', '0.00', '39000.00', '11700.00', '50700.00', '50700.00', NULL, '', '2021-08-30 08:07:25', '2021-08-30 08:07:25'),
(54, 1, 3, 2, NULL, NULL, NULL, 17, NULL, 'unpaid', 0, 'ISM-168', '39000.00', '0.00', '39000.00', '11700.00', '50700.00', '50700.00', NULL, '', '2021-08-30 14:55:52', '2021-08-30 14:55:52'),
(56, 1, 3, 2, NULL, NULL, NULL, 17, NULL, 'unpaid', 0, 'ISM-170', '39000.00', '0.00', '39000.00', '11700.00', '50700.00', '50700.00', NULL, '', '2021-08-30 14:58:21', '2021-08-30 14:58:21'),
(57, 1, 3, 2, '2021-08-30 15:08:16', NULL, NULL, 22, NULL, 'completed', 0, 'ISM-171', '39000.00', '0.00', '39000.00', '0.00', '39000.00', '0.00', NULL, '', '2021-08-30 15:01:56', '2021-08-30 15:08:16'),
(58, 1, 3, 2, NULL, NULL, NULL, 22, NULL, 'unpaid', 0, 'ISM-172', '39000.00', '0.00', '39000.00', '11700.00', '50700.00', '50700.00', NULL, '', '2021-08-30 15:09:34', '2021-08-30 15:09:34'),
(59, 1, 3, 2, NULL, NULL, NULL, 22, NULL, 'unpaid', 0, 'ISM-173', '39000.00', '0.00', '39000.00', '0.00', '39000.00', '39000.00', NULL, '', '2021-08-30 15:10:21', '2021-08-30 15:10:21'),
(61, 1, 3, 2, NULL, NULL, NULL, 22, NULL, 'unpaid', 0, 'ISM-174', '39000.00', '0.00', '39000.00', '7800.00', '46800.00', '46800.00', NULL, '', '2021-08-30 15:17:10', '2021-08-30 15:17:10'),
(63, 1, 3, 2, NULL, NULL, NULL, 22, NULL, 'unpaid', 0, 'ISM-175', '39000.00', '0.00', '39000.00', '7800.00', '46800.00', '46800.00', NULL, '', '2021-08-30 15:18:18', '2021-08-30 15:18:18'),
(67, 1, 8, 1, NULL, NULL, NULL, 9, NULL, 'completed', 0, '16', '250000.00', '10000.00', '240000.00', '24000.00', '264000.00', '0.00', 1, NULL, '2021-08-31 08:23:14', '2021-08-31 08:23:14'),
(68, 1, 3, 2, NULL, NULL, NULL, 17, NULL, 'unpaid', 0, 'ISM-176', '6500.00', '0.00', '6500.00', '1300.00', '7800.00', '7800.00', NULL, '', '2021-08-31 09:03:10', '2021-08-31 09:03:10'),
(69, 1, 3, 2, NULL, '2021-08-31 15:00:10', NULL, 17, NULL, 'voided', 0, 'ISM-177', '6500.00', '0.00', '6500.00', '1300.00', '7800.00', '7800.00', NULL, '', '2021-08-31 11:12:35', '2021-08-31 15:00:10'),
(70, 1, 3, 2, NULL, '2021-08-31 15:01:51', NULL, 17, NULL, 'voided', 0, 'ISM-178', '6500.00', '0.00', '6500.00', '1300.00', '7800.00', '7800.00', NULL, '', '2021-08-31 11:32:04', '2021-08-31 15:01:51'),
(71, 1, 3, 2, NULL, '2021-08-31 15:32:07', NULL, 17, NULL, 'voided', 0, 'ISM-179', '250000.00', '0.00', '250000.00', '50000.00', '300000.00', '300000.00', NULL, 'asdas', '2021-08-31 15:21:52', '2021-08-31 15:32:07'),
(95, 1, 3, NULL, NULL, '2021-09-02 12:26:41', NULL, 1, NULL, 'voided', 1, 'ISM-202', '0.00', '0.00', '227272.73', '22727.27', '250000.00', '0.00', 1, NULL, '2021-09-02 12:26:30', '2021-09-02 12:26:41'),
(96, 1, 3, NULL, NULL, NULL, NULL, 1, NULL, 'unpaid', 1, 'ISM-203', '0.00', '0.00', '0.00', '0.00', '0.00', '0.00', 1, NULL, '2021-09-02 12:26:54', '2021-09-02 12:26:54'),
(97, 1, 3, 1, '2021-09-02 12:35:28', '2021-09-02 12:35:49', NULL, NULL, NULL, 'voided', 0, 'ISM-204', '0.00', '50000.00', '200000.00', '20000.00', '220000.00', '0.00', 1, NULL, '2021-09-02 12:34:53', '2021-09-02 12:35:49'),
(98, 1, 3, 2, NULL, NULL, NULL, 23, NULL, 'unpaid', 0, 'ISM-205', '250000.00', '0.00', '250000.00', '50000.00', '300000.00', '300000.00', NULL, '', '2021-09-06 07:39:27', '2021-09-06 07:39:27'),
(99, 1, 3, 2, NULL, NULL, NULL, 23, NULL, 'unpaid', 0, 'ISM-206', '250000.00', '0.00', '250000.00', '50000.00', '300000.00', '300000.00', NULL, '', '2021-09-06 07:41:01', '2021-09-06 07:41:01'),
(100, 1, 3, 2, NULL, NULL, NULL, 23, NULL, 'unpaid', 0, 'ISM-207', '250000.00', '0.00', '250000.00', '50000.00', '300000.00', '300000.00', NULL, 'test', '2021-09-06 07:42:54', '2021-09-06 07:42:54'),
(101, 1, 3, 2, NULL, NULL, NULL, 23, NULL, 'unpaid', 0, 'ISM-208', '250000.00', '0.00', '250000.00', '50000.00', '300000.00', '300000.00', NULL, 'test', '2021-09-06 07:49:01', '2021-09-06 07:49:01'),
(102, 1, 3, 2, NULL, '2021-09-06 07:59:48', NULL, 17, NULL, 'voided', 0, 'ISM-209', '6500.00', '0.00', '6500.00', '1300.00', '7800.00', '7800.00', NULL, '', '2021-09-06 07:49:29', '2021-09-06 07:59:48'),
(103, 1, 3, 2, NULL, NULL, NULL, 23, NULL, 'unpaid', 0, 'ISM-210', '250000.00', '0.00', '250000.00', '50000.00', '300000.00', '300000.00', NULL, 'test', '2021-09-06 07:53:20', '2021-09-06 07:53:20'),
(104, 1, 3, 2, '2021-09-06 07:54:02', NULL, NULL, 23, NULL, 'completed', 0, 'ISM-211', '250000.00', '0.00', '250000.00', '50000.00', '300000.00', '300000.00', NULL, 'test', '2021-09-06 07:54:02', '2021-09-06 07:54:02'),
(105, 1, 3, 2, NULL, NULL, NULL, 23, NULL, 'unpaid', 0, 'ISM-212', '6500.00', '0.00', '6500.00', '1300.00', '7800.00', '7800.00', NULL, 'test', '2021-09-06 08:15:52', '2021-09-06 08:15:52'),
(106, 1, 3, 2, NULL, NULL, NULL, 23, NULL, 'unpaid', 0, 'ISM-213', '6500.00', '0.00', '6500.00', '1300.00', '7800.00', '7800.00', NULL, 'test', '2021-09-06 08:16:12', '2021-09-06 08:16:12'),
(109, 1, 8, 1, NULL, NULL, NULL, NULL, NULL, 'completed', 0, '17', NULL, '0.00', '900.00', '0.00', '900.00', '900.00', 1, NULL, '2021-09-15 05:45:48', '2021-09-15 05:45:48'),
(111, 1, 8, 1, '2021-09-15 05:52:15', '2021-09-15 06:11:38', NULL, NULL, NULL, 'voided', 0, '18', NULL, '0.00', '500.00', '0.00', '500.00', '0.00', 1, NULL, '2021-09-15 05:52:15', '2021-09-15 06:11:38'),
(112, 1, 17, 1, '2021-09-15 07:29:33', NULL, NULL, 21, NULL, 'completed', 0, '1', NULL, '194.25', '360.75', '0.00', '360.75', '0.00', 1, NULL, '2021-09-15 07:29:28', '2021-09-15 07:29:33'),
(114, 1, 8, 1, '2021-09-16 11:11:17', NULL, NULL, NULL, NULL, 'completed', 0, '20', NULL, '10000.00', '40900.00', '4000.00', '44900.00', '0.00', 1, NULL, '2021-09-16 11:11:17', '2021-09-16 11:11:17'),
(115, 1, 3, NULL, NULL, '2021-09-17 11:26:01', NULL, 2, NULL, 'voided', 0, 'ISM-214', NULL, '10000.00', '40500.00', '4187.50', '34687.50', '0.00', 1, NULL, '2021-09-17 11:19:02', '2021-09-17 11:26:01'),
(116, 1, 3, NULL, NULL, NULL, NULL, NULL, NULL, 'unpaid', 0, 'ISM-215', NULL, '50000.00', '500.00', '20187.50', '0.00', '0.00', 1, NULL, '2021-09-17 11:30:22', '2021-09-17 11:30:22'),
(117, 1, 3, NULL, NULL, NULL, NULL, NULL, NULL, 'unpaid', 0, 'ISM-216', NULL, '40.00', '980.00', '110.00', '1050.00', '0.00', 1, NULL, '2021-09-17 13:11:59', '2021-09-17 13:11:59'),
(126, 1, 3, 2, '2021-09-17 14:51:06', NULL, NULL, 17, NULL, 'completed', 0, 'ISM-218', NULL, '0.00', '6500.00', '755.50', '7255.50', '0.00', NULL, '', '2021-09-17 14:51:06', '2021-09-17 14:51:06'),
(127, 1, 3, 2, '2021-09-17 14:53:55', NULL, NULL, 17, NULL, 'completed', 0, 'ISM-219', NULL, '0.00', '6500.00', '755.50', '7255.50', '0.00', NULL, '', '2021-09-17 14:53:55', '2021-09-17 14:53:55'),
(128, 1, 3, 2, '2021-09-17 14:55:20', NULL, NULL, 17, NULL, 'completed', 0, 'ISM-220', NULL, '0.00', '6500.00', '755.50', '7255.50', '0.00', NULL, '', '2021-09-17 14:55:20', '2021-09-17 14:55:20'),
(129, 1, 3, 2, '2021-09-17 14:56:00', NULL, NULL, 17, NULL, 'completed', 0, 'ISM-221', NULL, '0.00', '6500.00', '755.50', '7255.50', '0.00', NULL, '', '2021-09-17 14:56:00', '2021-09-17 14:56:00'),
(130, 1, 3, 2, '2021-09-17 14:56:53', NULL, NULL, 17, NULL, 'completed', 0, 'ISM-222', NULL, '0.00', '6500.00', '755.50', '7255.50', '0.00', NULL, '', '2021-09-17 14:56:53', '2021-09-17 14:56:53'),
(131, 1, 3, 2, '2021-09-17 14:59:12', NULL, NULL, 17, NULL, 'completed', 0, 'ISM-223', NULL, '0.00', '6500.00', '755.50', '7255.50', '0.00', NULL, '', '2021-09-17 14:59:12', '2021-09-17 14:59:12'),
(132, 1, 3, 2, '2021-09-17 15:04:39', NULL, NULL, 17, NULL, 'completed', 0, 'ISM-224', NULL, '0.00', '6500.00', '755.50', '7255.50', '0.00', NULL, '', '2021-09-17 15:04:39', '2021-09-17 15:04:39');

-- --------------------------------------------------------

--
-- Table structure for table `invoice_items`
--

CREATE TABLE `invoice_items` (
  `id` bigint(20) UNSIGNED NOT NULL,
  `invoice_id` bigint(20) UNSIGNED NOT NULL,
  `product_id` bigint(20) UNSIGNED DEFAULT NULL,
  `service_id` bigint(20) UNSIGNED DEFAULT NULL,
  `deal_id` bigint(20) UNSIGNED DEFAULT NULL,
  `client_deal_id` bigint(20) UNSIGNED DEFAULT NULL,
  `staff_id` bigint(20) UNSIGNED DEFAULT NULL,
  `title` varchar(100) COLLATE utf8mb4_unicode_ci NOT NULL,
  `price` decimal(8,2) NOT NULL,
  `quantity` int(10) UNSIGNED NOT NULL,
  `deal_quantity` int(10) DEFAULT '0',
  `tax` decimal(8,2) UNSIGNED DEFAULT '0.00',
  `discount` decimal(8,2) UNSIGNED DEFAULT '0.00',
  `staff_commission_logic` tinyint(3) UNSIGNED NOT NULL DEFAULT '1' COMMENT '1 = Calculate by item sale price before discount - 2 = Calculate by item sale price including tax',
  `staff_commission_rate` decimal(8,2) UNSIGNED NOT NULL DEFAULT '0.00',
  `staff_commission_value` decimal(8,2) UNSIGNED NOT NULL DEFAULT '0.00',
  `created_at` timestamp NULL DEFAULT NULL,
  `updated_at` timestamp NULL DEFAULT NULL
) ENGINE=InnoDB DEFAULT CHARSET=utf8mb4 COLLATE=utf8mb4_unicode_ci;

--
-- Dumping data for table `invoice_items`
--

INSERT INTO `invoice_items` (`id`, `invoice_id`, `product_id`, `service_id`, `deal_id`, `client_deal_id`, `staff_id`, `title`, `price`, `quantity`, `deal_quantity`, `tax`, `discount`, `staff_commission_logic`, `staff_commission_rate`, `staff_commission_value`, `created_at`, `updated_at`) VALUES
(1, 1, NULL, NULL, 1, NULL, 1, 'Buy 2 Get 1 Freeeee', '45000.00', 1, 0, '13500.00', '0.00', 1, '0.00', '0.00', '2021-07-16 07:40:49', '2021-07-16 07:40:49'),
(2, 2, 1, NULL, NULL, NULL, 1, 'Large Shampoo', '0.00', 1, 0, '0.00', '0.00', 1, '0.00', '0.00', '2021-07-16 07:42:19', '2021-07-16 07:42:19'),
(3, 3, NULL, NULL, 2, NULL, NULL, 'Trio Combo', '5000.00', 1, 0, '0.00', '0.00', 1, '0.00', '0.00', '2021-07-27 11:22:54', '2021-07-27 11:22:54'),
(4, 4, NULL, NULL, 2, NULL, NULL, 'Trio Combo', '5000.00', 1, 0, '500.00', '0.00', 1, '0.00', '0.00', '2021-07-28 07:02:32', '2021-07-28 07:02:32'),
(5, 5, NULL, NULL, 2, NULL, NULL, 'Trio Combo', '5000.00', 1, 0, '1000.00', '0.00', 1, '0.00', '0.00', '2021-07-28 07:03:12', '2021-07-28 07:03:12'),
(6, 6, NULL, 28, NULL, NULL, 1, 'Hair Dye ( Own Product )', '2000.00', 1, 0, '200.00', '0.00', 1, '0.00', '0.00', '2021-08-02 08:36:09', '2021-08-02 08:36:09'),
(7, 7, NULL, NULL, 4, NULL, NULL, 'Versailles Massage & Bar', '39000.00', 1, 0, '3900.00', '0.00', 1, '0.00', '0.00', '2021-08-12 06:30:57', '2021-08-12 06:30:57'),
(8, 8, NULL, NULL, 3, NULL, NULL, 'Renewed body Chiropractic & Wellness Center LLC', '39000.00', 1, 0, '0.00', '0.00', 1, '0.00', '0.00', '2021-08-12 10:56:08', '2021-08-12 10:56:08'),
(9, 9, NULL, NULL, 11, NULL, NULL, 'New Test One', '3000.00', 1, 0, '300.00', '0.00', 1, '0.00', '0.00', '2021-08-12 12:06:37', '2021-08-12 12:06:37'),
(10, 10, NULL, NULL, 11, NULL, NULL, 'New Test One', '3000.00', 1, 0, '300.00', '0.00', 1, '0.00', '0.00', '2021-08-12 12:07:21', '2021-08-12 12:07:21'),
(11, 11, NULL, NULL, 11, NULL, NULL, 'New Test One', '3000.00', 1, 0, '300.00', '0.00', 1, '0.00', '0.00', '2021-08-13 11:15:12', '2021-08-13 11:15:12'),
(12, 12, NULL, NULL, 11, NULL, NULL, 'New Test One', '3000.00', 1, 0, '300.00', '0.00', 1, '0.00', '0.00', '2021-08-13 11:15:29', '2021-08-13 11:15:29'),
(13, 13, NULL, NULL, 11, NULL, NULL, 'New Test One', '3000.00', 1, 0, '300.00', '0.00', 1, '0.00', '0.00', '2021-08-13 11:16:47', '2021-08-13 11:16:47'),
(14, 14, NULL, 30, NULL, NULL, 1, 'Waxing New', '900.00', 1, 0, '0.00', '0.00', 1, '0.00', '0.00', '2021-08-20 14:12:23', '2021-08-20 14:12:23'),
(15, 15, NULL, 30, NULL, NULL, 1, 'Waxing New', '900.00', 1, 0, '0.00', '0.00', 1, '0.00', '0.00', '2021-08-20 14:21:03', '2021-08-20 14:21:03'),
(16, 16, NULL, 30, NULL, NULL, 1, 'Waxing New', '900.00', 1, 0, '0.00', '35.00', 1, '0.00', '0.00', '2021-08-23 12:52:03', '2021-08-23 12:52:03'),
(17, 17, 1, NULL, NULL, NULL, 10, 'Large Shampoo', '50000.00', 1, 0, '0.00', '10000.00', 1, '0.00', '0.00', '2021-08-24 15:33:55', '2021-08-24 15:33:55'),
(18, 18, 1, NULL, NULL, NULL, 10, 'Large Shampoo', '50000.00', 2, 0, '0.00', '10000.00', 1, '0.00', '0.00', '2021-08-24 15:38:14', '2021-08-24 15:38:14'),
(19, 19, 1, NULL, NULL, NULL, 10, 'Large Shampoo', '50000.00', 2, 0, '0.00', '10000.00', 1, '0.00', '0.00', '2021-08-24 15:38:57', '2021-08-24 15:38:57'),
(20, 20, 1, NULL, NULL, NULL, 1, 'Large Shampoo', '50000.00', 5, 0, '0.00', '10000.00', 1, '0.00', '0.00', '2021-08-25 09:49:37', '2021-08-25 09:49:37'),
(31, 31, 4, NULL, NULL, NULL, 10, 'Biryani Masala', '120.00', 10, 0, '10.00', '20.00', 1, '4.00', '4.80', '2021-08-27 12:08:32', '2021-08-27 12:08:32'),
(32, 32, 4, NULL, NULL, NULL, 10, 'Biryani Masala', '120.00', 5, 0, '10.00', '20.00', 1, '4.00', '4.80', '2021-08-27 12:09:05', '2021-08-27 12:09:05'),
(33, 33, 4, NULL, NULL, NULL, 10, 'Biryani Masala', '120.00', 5, 0, '10.00', '20.00', 1, '4.00', '4.80', '2021-08-27 14:03:57', '2021-08-27 14:03:57'),
(36, 39, NULL, NULL, 3, NULL, NULL, 'Renewed body Chiropractic & Wellness Center LLC', '39000.00', 1, 0, '11700.00', '0.00', 1, '0.00', '0.00', '2021-08-30 05:42:34', '2021-08-30 05:42:34'),
(37, 40, NULL, NULL, 6, NULL, NULL, 'Carefree Feet', '6500.00', 1, 0, '650.00', '0.00', 1, '0.00', '0.00', '2021-08-30 05:48:44', '2021-08-30 05:48:44'),
(38, 41, NULL, NULL, 6, NULL, NULL, 'Carefree Feet', '6500.00', 1, 0, '650.00', '0.00', 1, '0.00', '0.00', '2021-08-30 06:35:27', '2021-08-30 06:35:27'),
(39, 42, NULL, NULL, 6, NULL, NULL, 'Carefree Feet', '6500.00', 1, 0, '650.00', '0.00', 1, '0.00', '0.00', '2021-08-30 06:35:40', '2021-08-30 06:35:40'),
(40, 43, NULL, NULL, 6, NULL, NULL, 'Carefree Feet', '6500.00', 1, 0, '650.00', '0.00', 1, '0.00', '0.00', '2021-08-30 06:36:05', '2021-08-30 06:36:05'),
(41, 44, NULL, NULL, 6, NULL, NULL, 'Carefree Feet', '6500.00', 1, 0, '650.00', '0.00', 1, '0.00', '0.00', '2021-08-30 06:36:28', '2021-08-30 06:36:28'),
(42, 45, NULL, NULL, 3, NULL, NULL, 'Renewed body Chiropractic & Wellness Center LLC', '39000.00', 1, 0, '11700.00', '0.00', 1, '0.00', '0.00', '2021-08-30 08:01:42', '2021-08-30 08:01:42'),
(43, 46, NULL, NULL, 3, NULL, NULL, 'Renewed body Chiropractic & Wellness Center LLC', '39000.00', 1, 0, '0.00', '0.00', 1, '0.00', '0.00', '2021-08-30 08:05:38', '2021-08-30 08:05:38'),
(44, 47, NULL, NULL, 3, NULL, NULL, 'Renewed body Chiropractic & Wellness Center LLC', '39000.00', 1, 0, '11700.00', '0.00', 1, '0.00', '0.00', '2021-08-30 08:07:25', '2021-08-30 08:07:25'),
(45, 48, NULL, NULL, 3, NULL, NULL, 'Renewed body Chiropractic & Wellness Center LLC', '39000.00', 1, 0, '11700.00', '0.00', 1, '0.00', '0.00', '2021-08-30 14:41:16', '2021-08-30 14:41:16'),
(46, 49, NULL, NULL, 3, NULL, NULL, 'Renewed body Chiropractic & Wellness Center LLC', '39000.00', 1, 0, '11700.00', '0.00', 1, '0.00', '0.00', '2021-08-30 14:41:17', '2021-08-30 14:41:17'),
(47, 50, NULL, NULL, 3, NULL, NULL, 'Renewed body Chiropractic & Wellness Center LLC', '39000.00', 1, 0, '11700.00', '0.00', 1, '0.00', '0.00', '2021-08-30 14:49:13', '2021-08-30 14:49:13'),
(48, 51, NULL, NULL, 3, NULL, NULL, 'Renewed body Chiropractic & Wellness Center LLC', '39000.00', 1, 0, '11700.00', '0.00', 1, '0.00', '0.00', '2021-08-30 14:49:13', '2021-08-30 14:49:13'),
(49, 52, NULL, NULL, 3, NULL, NULL, 'Renewed body Chiropractic & Wellness Center LLC', '39000.00', 1, 0, '0.00', '0.00', 1, '0.00', '0.00', '2021-08-30 14:53:13', '2021-08-30 14:53:13'),
(50, 53, NULL, NULL, 3, NULL, NULL, 'Renewed body Chiropractic & Wellness Center LLC', '39000.00', 1, 0, '0.00', '0.00', 1, '0.00', '0.00', '2021-08-30 14:53:13', '2021-08-30 14:53:13'),
(51, 54, NULL, NULL, 3, NULL, NULL, 'Renewed body Chiropractic & Wellness Center LLC', '39000.00', 1, 0, '11700.00', '0.00', 1, '0.00', '0.00', '2021-08-30 14:55:52', '2021-08-30 14:55:52'),
(52, 55, NULL, NULL, 3, NULL, NULL, 'Renewed body Chiropractic & Wellness Center LLC', '39000.00', 1, 0, '11700.00', '0.00', 1, '0.00', '0.00', '2021-08-30 14:55:52', '2021-08-30 14:55:52'),
(53, 56, NULL, NULL, 3, NULL, NULL, 'Renewed body Chiropractic & Wellness Center LLC', '39000.00', 1, 0, '11700.00', '0.00', 1, '0.00', '0.00', '2021-08-30 14:58:21', '2021-08-30 14:58:21'),
(54, 57, NULL, NULL, 3, NULL, NULL, 'Renewed body Chiropractic & Wellness Center LLC', '39000.00', 1, 0, '0.00', '0.00', 1, '0.00', '0.00', '2021-08-30 15:01:56', '2021-08-30 15:01:56'),
(55, 58, NULL, NULL, 3, NULL, NULL, 'Renewed body Chiropractic & Wellness Center LLC', '39000.00', 1, 0, '11700.00', '0.00', 1, '0.00', '0.00', '2021-08-30 15:09:34', '2021-08-30 15:09:34'),
(56, 59, NULL, NULL, 3, NULL, NULL, 'Renewed body Chiropractic & Wellness Center LLC', '39000.00', 1, 0, '0.00', '0.00', 1, '0.00', '0.00', '2021-08-30 15:10:21', '2021-08-30 15:10:21'),
(57, 61, NULL, NULL, 3, NULL, NULL, 'Renewed body Chiropractic & Wellness Center LLC', '39000.00', 1, 0, '7800.00', '0.00', 1, '0.00', '0.00', '2021-08-30 15:17:10', '2021-08-30 15:17:10'),
(58, 63, NULL, NULL, 3, NULL, NULL, 'Renewed body Chiropractic & Wellness Center LLC', '39000.00', 1, 0, '7800.00', '0.00', 1, '0.00', '0.00', '2021-08-30 15:18:18', '2021-08-30 15:18:18'),
(59, 67, NULL, 1, NULL, NULL, 1, 'Hair Transplant', '250000.00', 1, 0, '24000.00', '10000.00', 1, '0.00', '0.00', '2021-08-31 08:23:14', '2021-08-31 08:23:14'),
(60, 68, NULL, NULL, 6, NULL, NULL, 'Carefree Feet', '6500.00', 1, 0, '1300.00', '0.00', 1, '0.00', '0.00', '2021-08-31 09:03:10', '2021-08-31 09:03:10'),
(61, 69, NULL, NULL, 6, NULL, NULL, 'Carefree Feet', '6500.00', 1, 0, '1300.00', '0.00', 1, '0.00', '0.00', '2021-08-31 11:12:35', '2021-08-31 11:12:35'),
(62, 70, NULL, NULL, 6, NULL, NULL, 'Carefree Feet', '6500.00', 1, 0, '1300.00', '0.00', 1, '0.00', '0.00', '2021-08-31 11:32:04', '2021-08-31 11:32:04'),
(63, 71, NULL, NULL, 10, NULL, NULL, 'Short Url Test', '250000.00', 1, 0, '50000.00', '0.00', 1, '0.00', '0.00', '2021-08-31 15:21:52', '2021-08-31 15:21:52'),
(87, 95, 1, NULL, NULL, 1, 1, 'Large Shampoo', '50000.00', 15, 10, '4545.45', '0.00', 1, '0.00', '0.00', '2021-09-02 12:26:30', '2021-09-02 12:26:30'),
(88, 96, 1, NULL, NULL, 1, 1, 'Large Shampoo', '50000.00', 5, 5, '4545.45', '0.00', 1, '0.00', '0.00', '2021-09-02 12:26:54', '2021-09-02 12:26:54'),
(89, 97, 1, NULL, NULL, NULL, 1, 'Large Shampoo', '50000.00', 5, 0, '4000.00', '10000.00', 1, '0.00', '0.00', '2021-09-02 12:34:53', '2021-09-02 12:34:53'),
(90, 98, NULL, NULL, 10, NULL, NULL, 'Short Url Test', '250000.00', 1, 0, '50000.00', '0.00', 1, '0.00', '0.00', '2021-09-06 07:39:27', '2021-09-06 07:39:27'),
(91, 99, NULL, NULL, 10, NULL, NULL, 'Short Url Test', '250000.00', 1, 0, '50000.00', '0.00', 1, '0.00', '0.00', '2021-09-06 07:41:01', '2021-09-06 07:41:01'),
(92, 100, NULL, NULL, 10, NULL, NULL, 'Short Url Test', '250000.00', 1, 0, '50000.00', '0.00', 1, '0.00', '0.00', '2021-09-06 07:42:54', '2021-09-06 07:42:54'),
(93, 101, NULL, NULL, 10, NULL, NULL, 'Short Url Test', '250000.00', 1, 0, '50000.00', '0.00', 1, '0.00', '0.00', '2021-09-06 07:49:01', '2021-09-06 07:49:01'),
(94, 102, NULL, NULL, 6, NULL, NULL, 'Carefree Feet', '6500.00', 1, 0, '1300.00', '0.00', 1, '0.00', '0.00', '2021-09-06 07:49:29', '2021-09-06 07:49:29'),
(95, 103, NULL, NULL, 10, NULL, NULL, 'Short Url Test', '250000.00', 1, 0, '50000.00', '0.00', 1, '0.00', '0.00', '2021-09-06 07:53:20', '2021-09-06 07:53:20'),
(96, 104, NULL, NULL, 10, NULL, NULL, 'Short Url Test', '250000.00', 1, 0, '50000.00', '0.00', 1, '0.00', '0.00', '2021-09-06 07:54:02', '2021-09-06 07:54:02'),
(97, 105, NULL, NULL, 6, NULL, NULL, 'Carefree Feet', '6500.00', 1, 0, '1300.00', '0.00', 1, '0.00', '0.00', '2021-09-06 08:15:52', '2021-09-06 08:15:52'),
(98, 106, NULL, NULL, 6, NULL, NULL, 'Carefree Feet', '6500.00', 1, 0, '1300.00', '0.00', 1, '0.00', '0.00', '2021-09-06 08:16:12', '2021-09-06 08:16:12'),
(99, 109, NULL, 30, NULL, NULL, 1, 'Waxing New', '900.00', 1, 0, '0.00', '0.00', 1, '0.00', '0.00', '2021-09-15 05:45:48', '2021-09-15 05:45:48'),
(101, 111, NULL, 31, NULL, NULL, 1, 'Mustache Dye', '500.00', 1, 0, '0.00', '0.00', 1, '0.00', '0.00', '2021-09-15 05:52:15', '2021-09-15 05:52:15'),
(102, 112, NULL, 29, NULL, NULL, 19, 'Beard Dye ( french )', '555.00', 1, 0, '0.00', '194.25', 1, '0.00', '0.00', '2021-09-15 07:29:28', '2021-09-15 07:29:28'),
(104, 114, 1, NULL, NULL, NULL, 1, 'Large Shampoo', '50000.00', 1, 0, '4000.00', '10000.00', 1, '0.00', '0.00', '2021-09-16 11:11:17', '2021-09-16 11:11:17'),
(105, 114, NULL, 30, NULL, NULL, 1, 'Waxing New', '900.00', 1, 0, '90.00', '0.00', 1, '0.00', '0.00', '2021-09-16 11:11:17', '2021-09-16 11:11:17'),
(106, 115, 1, NULL, NULL, NULL, 1, 'Large Shampoo', '50000.00', 1, 0, '4000.00', '10000.00', 1, '0.00', '0.00', '2021-09-17 11:19:02', '2021-09-17 11:19:02'),
(107, 115, NULL, 31, NULL, NULL, 1, 'Mustache Dye', '500.00', 1, 0, '187.50', '0.00', 1, '0.00', '0.00', '2021-09-17 11:19:02', '2021-09-17 11:19:02'),
(108, 116, 1, NULL, NULL, NULL, 1, 'Large Shampoo', '50000.00', 5, 0, '4000.00', '10000.00', 1, '0.00', '0.00', '2021-09-17 11:30:22', '2021-09-17 11:30:22'),
(109, 116, NULL, 31, NULL, NULL, 1, 'Mustache Dye', '500.00', 1, 0, '187.50', '0.00', 1, '0.00', '0.00', '2021-09-17 11:30:22', '2021-09-17 11:30:22'),
(110, 117, 4, NULL, NULL, NULL, 1, 'Biryani Masala', '120.00', 2, 0, '10.00', '20.00', 1, '0.00', '0.00', '2021-09-17 13:11:59', '2021-09-17 13:11:59'),
(111, 117, NULL, 30, NULL, NULL, 1, 'Waxing New', '900.00', 1, 0, '90.00', '0.00', 1, '0.00', '0.00', '2021-09-17 13:11:59', '2021-09-17 13:11:59'),
(114, 126, NULL, NULL, 6, NULL, NULL, 'Carefree Feet', '6500.00', 1, 0, '755.50', '0.00', 1, '0.00', '0.00', '2021-09-17 14:51:06', '2021-09-17 14:51:06'),
(115, 127, NULL, NULL, 6, NULL, NULL, 'Carefree Feet', '6500.00', 1, 0, '755.50', '0.00', 1, '0.00', '0.00', '2021-09-17 14:53:55', '2021-09-17 14:53:55'),
(116, 128, NULL, NULL, 6, NULL, NULL, 'Carefree Feet', '6500.00', 1, 0, '755.50', '0.00', 1, '0.00', '0.00', '2021-09-17 14:55:20', '2021-09-17 14:55:20'),
(117, 129, NULL, NULL, 6, NULL, NULL, 'Carefree Feet', '6500.00', 1, 0, '755.50', '0.00', 1, '0.00', '0.00', '2021-09-17 14:56:00', '2021-09-17 14:56:00'),
(118, 130, NULL, NULL, 6, NULL, NULL, 'Carefree Feet', '6500.00', 1, 0, '755.50', '0.00', 1, '0.00', '0.00', '2021-09-17 14:56:53', '2021-09-17 14:56:53'),
(119, 131, NULL, NULL, 6, NULL, NULL, 'Carefree Feet', '6500.00', 1, 0, '755.50', '0.00', 1, '0.00', '0.00', '2021-09-17 14:59:12', '2021-09-17 14:59:12'),
(120, 132, NULL, NULL, 6, NULL, NULL, 'Carefree Feet', '6500.00', 1, 0, '755.50', '0.00', 1, '0.00', '0.00', '2021-09-17 15:04:39', '2021-09-17 15:04:39');

-- --------------------------------------------------------

--
-- Table structure for table `invoice_items_discounts`
--

CREATE TABLE `invoice_items_discounts` (
  `id` bigint(20) UNSIGNED NOT NULL,
  `invoice_id` bigint(20) UNSIGNED NOT NULL,
  `invoice_item_id` bigint(20) UNSIGNED NOT NULL,
  `discount_id` bigint(20) UNSIGNED DEFAULT NULL,
  `title` varchar(100) COLLATE utf8mb4_unicode_ci NOT NULL,
  `type` enum('amount','percentage') COLLATE utf8mb4_unicode_ci NOT NULL,
  `value` decimal(8,2) UNSIGNED NOT NULL,
  `created_at` timestamp NULL DEFAULT NULL,
  `updated_at` timestamp NULL DEFAULT NULL
) ENGINE=InnoDB DEFAULT CHARSET=utf8mb4 COLLATE=utf8mb4_unicode_ci;

--
-- Dumping data for table `invoice_items_discounts`
--

INSERT INTO `invoice_items_discounts` (`id`, `invoice_id`, `invoice_item_id`, `discount_id`, `title`, `type`, `value`, `created_at`, `updated_at`) VALUES
(1, 16, 16, 3, 'Senior Citizens (35.00%)', 'amount', '35.00', '2021-08-23 12:52:03', '2021-08-23 12:52:03'),
(2, 17, 17, NULL, 'Special Discount', 'amount', '10000.00', '2021-08-24 15:33:55', '2021-08-24 15:33:55'),
(3, 18, 18, NULL, 'Special Discount', 'amount', '10000.00', '2021-08-24 15:38:14', '2021-08-24 15:38:14'),
(4, 19, 19, NULL, 'Special Discount', 'amount', '10000.00', '2021-08-24 15:38:57', '2021-08-24 15:38:57'),
(5, 20, 20, NULL, 'Special Discount', 'amount', '10000.00', '2021-08-25 09:49:37', '2021-08-25 09:49:37'),
(16, 31, 31, NULL, 'Special Discount', 'amount', '20.00', '2021-08-27 12:08:32', '2021-08-27 12:08:32'),
(17, 32, 32, NULL, 'Special Discount', 'amount', '20.00', '2021-08-27 12:09:05', '2021-08-27 12:09:05'),
(18, 33, 33, NULL, 'Special Discount', 'amount', '20.00', '2021-08-27 14:03:57', '2021-08-27 14:03:57'),
(21, 67, 59, NULL, 'Special Discount', 'amount', '10000.00', '2021-08-31 08:23:14', '2021-08-31 08:23:14'),
(40, 97, 89, NULL, 'Special discount Rs. (10,000.00)', 'amount', '10000.00', '2021-09-02 12:34:53', '2021-09-02 12:34:53'),
(41, 112, 102, 3, 'Senior Citizens (35.00%)', 'amount', '35.00', '2021-09-15 07:29:28', '2021-09-15 07:29:28'),
(42, 114, 104, NULL, 'Special discount Rs. (10,000.00)', 'amount', '10000.00', '2021-09-16 11:11:17', '2021-09-16 11:11:17'),
(43, 115, 106, NULL, 'Special discount Rs. (10,000.00)', 'amount', '10000.00', '2021-09-17 11:19:02', '2021-09-17 11:19:02'),
(44, 116, 108, NULL, 'Special discount Rs. (10,000.00)', 'amount', '10000.00', '2021-09-17 11:30:22', '2021-09-17 11:30:22'),
(45, 117, 110, NULL, 'Special discount Rs. (20.00)', 'amount', '20.00', '2021-09-17 13:11:59', '2021-09-17 13:11:59');

-- --------------------------------------------------------

--
-- Table structure for table `invoice_items_taxes`
--

CREATE TABLE `invoice_items_taxes` (
  `id` bigint(20) UNSIGNED NOT NULL,
  `invoice_id` bigint(20) UNSIGNED NOT NULL,
  `invoice_item_id` bigint(20) UNSIGNED NOT NULL,
  `tax_id` bigint(20) UNSIGNED NOT NULL,
  `title` varchar(100) COLLATE utf8mb4_unicode_ci NOT NULL,
  `rate` double(8,2) NOT NULL,
  `amount` decimal(8,2) UNSIGNED NOT NULL,
  `created_at` timestamp NULL DEFAULT NULL,
  `updated_at` timestamp NULL DEFAULT NULL
) ENGINE=InnoDB DEFAULT CHARSET=utf8mb4 COLLATE=utf8mb4_unicode_ci;

--
-- Dumping data for table `invoice_items_taxes`
--

INSERT INTO `invoice_items_taxes` (`id`, `invoice_id`, `invoice_item_id`, `tax_id`, `title`, `rate`, `amount`, `created_at`, `updated_at`) VALUES
(1, 1, 1, 1, 'Karma Tax', 10.00, '4500.00', '2021-07-16 07:40:49', '2021-07-16 07:40:49'),
(2, 1, 1, 10, 'Zardari Tax', 20.00, '9000.00', '2021-07-16 07:40:49', '2021-07-16 07:40:49'),
(3, 4, 4, 1, 'Karma Tax', 10.00, '500.00', '2021-07-28 07:02:32', '2021-07-28 07:02:32'),
(4, 5, 5, 1, 'Karma Tax', 10.00, '500.00', '2021-07-28 07:03:12', '2021-07-28 07:03:12'),
(5, 5, 5, 1, 'Karma Tax', 10.00, '500.00', '2021-07-28 07:03:12', '2021-07-28 07:03:12'),
(6, 6, 6, 1, 'Karma Tax', 10.00, '200.00', '2021-08-02 08:36:09', '2021-08-02 08:36:09'),
(7, 7, 7, 3, 'Sales Tax', 10.00, '3900.00', '2021-08-12 06:30:57', '2021-08-12 06:30:57'),
(8, 9, 9, 3, 'Sales Tax', 10.00, '300.00', '2021-08-12 12:06:37', '2021-08-12 12:06:37'),
(9, 10, 10, 3, 'Sales Tax', 10.00, '300.00', '2021-08-12 12:07:21', '2021-08-12 12:07:21'),
(10, 11, 11, 3, 'Sales Tax', 10.00, '300.00', '2021-08-13 11:15:12', '2021-08-13 11:15:12'),
(11, 12, 12, 3, 'Sales Tax', 10.00, '300.00', '2021-08-13 11:15:29', '2021-08-13 11:15:29'),
(12, 13, 13, 3, 'Sales Tax', 10.00, '300.00', '2021-08-13 11:16:47', '2021-08-13 11:16:47'),
(18, 31, 31, 3, 'Sales Tax', 10.00, '10.00', '2021-08-27 12:08:32', '2021-08-27 12:08:32'),
(19, 32, 32, 3, 'Sales Tax', 10.00, '10.00', '2021-08-27 12:09:05', '2021-08-27 12:09:05'),
(20, 33, 33, 3, 'Sales Tax', 10.00, '10.00', '2021-08-27 14:03:57', '2021-08-27 14:03:57'),
(23, 39, 36, 1, 'Karma Tax', 10.00, '3900.00', '2021-08-30 05:42:34', '2021-08-30 05:42:34'),
(24, 39, 36, 10, 'Zardari Tax', 20.00, '7800.00', '2021-08-30 05:42:34', '2021-08-30 05:42:34'),
(25, 40, 37, 1, 'Karma Tax', 10.00, '650.00', '2021-08-30 05:48:44', '2021-08-30 05:48:44'),
(26, 41, 38, 1, 'Karma Tax', 10.00, '650.00', '2021-08-30 06:35:27', '2021-08-30 06:35:27'),
(27, 42, 39, 1, 'Karma Tax', 10.00, '650.00', '2021-08-30 06:35:40', '2021-08-30 06:35:40'),
(28, 43, 40, 1, 'Karma Tax', 10.00, '650.00', '2021-08-30 06:36:05', '2021-08-30 06:36:05'),
(29, 44, 41, 1, 'Karma Tax', 10.00, '650.00', '2021-08-30 06:36:28', '2021-08-30 06:36:28'),
(30, 45, 42, 1, 'Karma Tax', 10.00, '3900.00', '2021-08-30 08:01:42', '2021-08-30 08:01:42'),
(31, 45, 42, 10, 'Zardari Tax', 20.00, '7800.00', '2021-08-30 08:01:42', '2021-08-30 08:01:42'),
(32, 47, 44, 1, 'Karma Tax', 10.00, '3900.00', '2021-08-30 08:07:25', '2021-08-30 08:07:25'),
(33, 47, 44, 10, 'Zardari Tax', 20.00, '7800.00', '2021-08-30 08:07:25', '2021-08-30 08:07:25'),
(34, 48, 45, 10, 'Zardari Tax', 20.00, '7800.00', '2021-08-30 14:41:16', '2021-08-30 14:41:16'),
(35, 48, 45, 1, 'Karma Tax', 10.00, '3900.00', '2021-08-30 14:41:16', '2021-08-30 14:41:16'),
(36, 49, 46, 10, 'Zardari Tax', 20.00, '7800.00', '2021-08-30 14:41:17', '2021-08-30 14:41:17'),
(37, 49, 46, 1, 'Karma Tax', 10.00, '3900.00', '2021-08-30 14:41:17', '2021-08-30 14:41:17'),
(38, 50, 47, 1, 'Karma Tax', 10.00, '3900.00', '2021-08-30 14:49:13', '2021-08-30 14:49:13'),
(39, 50, 47, 10, 'Zardari Tax', 20.00, '7800.00', '2021-08-30 14:49:13', '2021-08-30 14:49:13'),
(40, 51, 48, 1, 'Karma Tax', 10.00, '3900.00', '2021-08-30 14:49:13', '2021-08-30 14:49:13'),
(41, 51, 48, 10, 'Zardari Tax', 20.00, '7800.00', '2021-08-30 14:49:13', '2021-08-30 14:49:13'),
(42, 54, 51, 1, 'Karma Tax', 10.00, '3900.00', '2021-08-30 14:55:52', '2021-08-30 14:55:52'),
(43, 54, 51, 10, 'Zardari Tax', 20.00, '7800.00', '2021-08-30 14:55:52', '2021-08-30 14:55:52'),
(44, 55, 52, 1, 'Karma Tax', 10.00, '3900.00', '2021-08-30 14:55:52', '2021-08-30 14:55:52'),
(45, 55, 52, 10, 'Zardari Tax', 20.00, '7800.00', '2021-08-30 14:55:52', '2021-08-30 14:55:52'),
(46, 56, 53, 1, 'Karma Tax', 10.00, '3900.00', '2021-08-30 14:58:21', '2021-08-30 14:58:21'),
(47, 56, 53, 10, 'Zardari Tax', 20.00, '7800.00', '2021-08-30 14:58:21', '2021-08-30 14:58:21'),
(48, 58, 55, 1, 'Karma Tax', 10.00, '3900.00', '2021-08-30 15:09:34', '2021-08-30 15:09:34'),
(49, 58, 55, 10, 'Zardari Tax', 20.00, '7800.00', '2021-08-30 15:09:34', '2021-08-30 15:09:34'),
(50, 61, 57, 10, 'Zardari Tax', 20.00, '7800.00', '2021-08-30 15:17:10', '2021-08-30 15:17:10'),
(51, 63, 58, 10, 'Zardari Tax', 20.00, '7800.00', '2021-08-30 15:18:18', '2021-08-30 15:18:18'),
(52, 67, 59, 1, 'Karma Tax', 10.00, '24000.00', '2021-08-31 08:23:14', '2021-08-31 08:23:14'),
(53, 68, 60, 1, 'Karma Tax', 10.00, '650.00', '2021-08-31 09:03:10', '2021-08-31 09:03:10'),
(54, 68, 60, 1, 'Karma Tax', 10.00, '650.00', '2021-08-31 09:03:10', '2021-08-31 09:03:10'),
(55, 69, 61, 1, 'Karma Tax', 10.00, '650.00', '2021-08-31 11:12:35', '2021-08-31 11:12:35'),
(56, 69, 61, 1, 'Karma Tax', 10.00, '650.00', '2021-08-31 11:12:35', '2021-08-31 11:12:35'),
(57, 70, 62, 1, 'Karma Tax', 10.00, '650.00', '2021-08-31 11:32:04', '2021-08-31 11:32:04'),
(58, 70, 62, 1, 'Karma Tax', 10.00, '650.00', '2021-08-31 11:32:04', '2021-08-31 11:32:04'),
(59, 71, 63, 1, 'Karma Tax', 10.00, '25000.00', '2021-08-31 15:21:52', '2021-08-31 15:21:52'),
(60, 71, 63, 1, 'Karma Tax', 10.00, '25000.00', '2021-08-31 15:21:52', '2021-08-31 15:21:52'),
(85, 95, 87, 10, 'Zardari Tax', 10.00, '4545.45', '2021-09-02 12:26:30', '2021-09-02 12:26:30'),
(86, 96, 88, 10, 'Zardari Tax', 10.00, '4545.45', '2021-09-02 12:26:54', '2021-09-02 12:26:54'),
(87, 97, 89, 10, 'Zardari Tax', 10.00, '4000.00', '2021-09-02 12:34:53', '2021-09-02 12:34:53'),
(88, 98, 90, 1, 'Karma Tax', 10.00, '25000.00', '2021-09-06 07:39:27', '2021-09-06 07:39:27'),
(89, 98, 90, 1, 'Karma Tax', 10.00, '25000.00', '2021-09-06 07:39:27', '2021-09-06 07:39:27'),
(90, 99, 91, 1, 'Karma Tax', 10.00, '25000.00', '2021-09-06 07:41:01', '2021-09-06 07:41:01'),
(91, 99, 91, 1, 'Karma Tax', 10.00, '25000.00', '2021-09-06 07:41:01', '2021-09-06 07:41:01'),
(92, 100, 92, 1, 'Karma Tax', 10.00, '25000.00', '2021-09-06 07:42:54', '2021-09-06 07:42:54'),
(93, 100, 92, 1, 'Karma Tax', 10.00, '25000.00', '2021-09-06 07:42:54', '2021-09-06 07:42:54'),
(94, 101, 93, 1, 'Karma Tax', 10.00, '25000.00', '2021-09-06 07:49:01', '2021-09-06 07:49:01'),
(95, 101, 93, 1, 'Karma Tax', 10.00, '25000.00', '2021-09-06 07:49:01', '2021-09-06 07:49:01'),
(96, 102, 94, 1, 'Karma Tax', 10.00, '650.00', '2021-09-06 07:49:29', '2021-09-06 07:49:29'),
(97, 102, 94, 1, 'Karma Tax', 10.00, '650.00', '2021-09-06 07:49:29', '2021-09-06 07:49:29'),
(98, 103, 95, 1, 'Karma Tax', 10.00, '25000.00', '2021-09-06 07:53:20', '2021-09-06 07:53:20'),
(99, 103, 95, 1, 'Karma Tax', 10.00, '25000.00', '2021-09-06 07:53:20', '2021-09-06 07:53:20'),
(100, 104, 96, 1, 'Karma Tax', 10.00, '25000.00', '2021-09-06 07:54:02', '2021-09-06 07:54:02'),
(101, 104, 96, 1, 'Karma Tax', 10.00, '25000.00', '2021-09-06 07:54:02', '2021-09-06 07:54:02'),
(102, 105, 97, 1, 'Karma Tax', 10.00, '650.00', '2021-09-06 08:15:52', '2021-09-06 08:15:52'),
(103, 105, 97, 1, 'Karma Tax', 10.00, '650.00', '2021-09-06 08:15:52', '2021-09-06 08:15:52'),
(104, 106, 98, 1, 'Karma Tax', 10.00, '650.00', '2021-09-06 08:16:12', '2021-09-06 08:16:12'),
(105, 106, 98, 1, 'Karma Tax', 10.00, '650.00', '2021-09-06 08:16:12', '2021-09-06 08:16:12'),
(106, 113, 103, 1, 'Karma Tax', 10.00, '650.00', '2021-09-16 10:52:45', '2021-09-16 10:52:45'),
(107, 114, 104, 3, 'Sales Tax', 10.00, '4000.00', '2021-09-16 11:11:17', '2021-09-16 11:11:17'),
(108, 114, 105, 3, 'Sales Tax', 10.00, '90.00', '2021-09-16 11:11:17', '2021-09-16 11:11:17'),
(109, 115, 106, 10, 'Zardari Tax', 10.00, '4000.00', '2021-09-17 11:19:02', '2021-09-17 11:19:02'),
(110, 115, 107, 4, 'Punjab Tax', 17.50, '87.50', '2021-09-17 11:19:02', '2021-09-17 11:19:02'),
(111, 115, 107, 1, 'Karma Tax', 10.00, '50.00', '2021-09-17 11:19:02', '2021-09-17 11:19:02'),
(112, 115, 107, 5, 'GST', 10.00, '50.00', '2021-09-17 11:19:02', '2021-09-17 11:19:02'),
(113, 116, 108, 10, 'Zardari Tax', 10.00, '4000.00', '2021-09-17 11:30:22', '2021-09-17 11:30:22'),
(114, 116, 109, 4, 'Punjab Tax', 17.50, '87.50', '2021-09-17 11:30:22', '2021-09-17 11:30:22'),
(115, 116, 109, 1, 'Karma Tax', 10.00, '50.00', '2021-09-17 11:30:22', '2021-09-17 11:30:22'),
(116, 116, 109, 5, 'GST', 10.00, '50.00', '2021-09-17 11:30:22', '2021-09-17 11:30:22'),
(117, 117, 110, 10, 'Zardari Tax', 10.00, '10.00', '2021-09-17 13:11:59', '2021-09-17 13:11:59'),
(118, 117, 111, 3, 'Sales Tax', 10.00, '90.00', '2021-09-17 13:11:59', '2021-09-17 13:11:59'),
(121, 122, 113, 1, 'Karma Tax', 10.00, '700.00', '2021-09-17 14:45:06', '2021-09-17 14:45:06'),
(122, 122, 113, 1, 'Karma Tax', 10.00, '55.50', '2021-09-17 14:45:06', '2021-09-17 14:45:06'),
(123, 126, 114, 1, 'Karma Tax', 10.00, '55.50', '2021-09-17 14:51:06', '2021-09-17 14:51:06'),
(124, 126, 114, 1, 'Karma Tax', 10.00, '700.00', '2021-09-17 14:51:06', '2021-09-17 14:51:06'),
(125, 127, 115, 1, 'Karma Tax', 10.00, '55.50', '2021-09-17 14:53:55', '2021-09-17 14:53:55'),
(126, 127, 115, 1, 'Karma Tax', 10.00, '700.00', '2021-09-17 14:53:55', '2021-09-17 14:53:55'),
(127, 128, 116, 1, 'Karma Tax', 10.00, '55.50', '2021-09-17 14:55:20', '2021-09-17 14:55:20'),
(128, 128, 116, 1, 'Karma Tax', 10.00, '700.00', '2021-09-17 14:55:20', '2021-09-17 14:55:20'),
(129, 129, 117, 1, 'Karma Tax', 10.00, '700.00', '2021-09-17 14:56:00', '2021-09-17 14:56:00'),
(130, 129, 117, 1, 'Karma Tax', 10.00, '55.50', '2021-09-17 14:56:00', '2021-09-17 14:56:00'),
(131, 130, 118, 1, 'Karma Tax', 10.00, '700.00', '2021-09-17 14:56:53', '2021-09-17 14:56:53'),
(132, 130, 118, 1, 'Karma Tax', 10.00, '55.50', '2021-09-17 14:56:53', '2021-09-17 14:56:53'),
(133, 131, 119, 1, 'Karma Tax', 10.00, '700.00', '2021-09-17 14:59:12', '2021-09-17 14:59:12'),
(134, 131, 119, 1, 'Karma Tax', 10.00, '55.50', '2021-09-17 14:59:12', '2021-09-17 14:59:12'),
(135, 132, 120, 1, 'Karma Tax', 10.00, '700.00', '2021-09-17 15:04:39', '2021-09-17 15:04:39'),
(136, 132, 120, 1, 'Karma Tax', 10.00, '55.50', '2021-09-17 15:04:39', '2021-09-17 15:04:39');

-- --------------------------------------------------------

--
-- Table structure for table `jobs`
--

CREATE TABLE `jobs` (
  `id` bigint(20) UNSIGNED NOT NULL,
  `queue` varchar(255) COLLATE utf8mb4_unicode_ci NOT NULL,
  `payload` longtext COLLATE utf8mb4_unicode_ci NOT NULL,
  `attempts` tinyint(3) UNSIGNED NOT NULL,
  `reserved_at` int(10) UNSIGNED DEFAULT NULL,
  `available_at` int(10) UNSIGNED NOT NULL,
  `created_at` int(10) UNSIGNED NOT NULL
) ENGINE=InnoDB DEFAULT CHARSET=utf8mb4 COLLATE=utf8mb4_unicode_ci;

--
-- Dumping data for table `jobs`
--

INSERT INTO `jobs` (`id`, `queue`, `payload`, `attempts`, `reserved_at`, `available_at`, `created_at`) VALUES
(3, 'default', '{\"uuid\":\"56f2bef8-6859-4fc8-ad70-9c0066e19b95\",\"displayName\":\"App\\\\Jobs\\\\SendSmsJob\",\"job\":\"Illuminate\\\\Queue\\\\CallQueuedHandler@call\",\"maxTries\":null,\"maxExceptions\":null,\"failOnTimeout\":false,\"backoff\":null,\"timeout\":null,\"retryUntil\":null,\"data\":{\"commandName\":\"App\\\\Jobs\\\\SendSmsJob\",\"command\":\"O:19:\\\"App\\\\Jobs\\\\SendSmsJob\\\":13:{s:14:\\\"\\u0000*\\u0000business_id\\\";i:1;s:12:\\\"\\u0000*\\u0000recepient\\\";s:10:\\\"3151264899\\\";s:10:\\\"\\u0000*\\u0000message\\\";s:64:\\\"Dear Noman,\\n\\nThank you for your purchase.\\n\\nHairway Mens Saloooon\\\";s:3:\\\"job\\\";N;s:10:\\\"connection\\\";N;s:5:\\\"queue\\\";N;s:15:\\\"chainConnection\\\";N;s:10:\\\"chainQueue\\\";N;s:19:\\\"chainCatchCallbacks\\\";N;s:5:\\\"delay\\\";N;s:11:\\\"afterCommit\\\";N;s:10:\\\"middleware\\\";a:0:{}s:7:\\\"chained\\\";a:0:{}}\"}}', 0, NULL, 1631889906, 1631889906),
(4, 'default', '{\"uuid\":\"7e01e765-5ca4-467d-98e4-2c31e0e39ec7\",\"displayName\":\"App\\\\Jobs\\\\SendSmsJob\",\"job\":\"Illuminate\\\\Queue\\\\CallQueuedHandler@call\",\"maxTries\":null,\"maxExceptions\":null,\"failOnTimeout\":false,\"backoff\":null,\"timeout\":null,\"retryUntil\":null,\"data\":{\"commandName\":\"App\\\\Jobs\\\\SendSmsJob\",\"command\":\"O:19:\\\"App\\\\Jobs\\\\SendSmsJob\\\":13:{s:14:\\\"\\u0000*\\u0000business_id\\\";i:1;s:12:\\\"\\u0000*\\u0000recepient\\\";s:10:\\\"3151264899\\\";s:10:\\\"\\u0000*\\u0000message\\\";s:64:\\\"Dear Noman,\\n\\nThank you for your purchase.\\n\\nHairway Mens Saloooon\\\";s:3:\\\"job\\\";N;s:10:\\\"connection\\\";N;s:5:\\\"queue\\\";N;s:15:\\\"chainConnection\\\";N;s:10:\\\"chainQueue\\\";N;s:19:\\\"chainCatchCallbacks\\\";N;s:5:\\\"delay\\\";N;s:11:\\\"afterCommit\\\";N;s:10:\\\"middleware\\\";a:0:{}s:7:\\\"chained\\\";a:0:{}}\"}}', 0, NULL, 1631890267, 1631890267),
(5, 'default', '{\"uuid\":\"6feac071-400b-4a56-8bfc-9dcfbaeb127c\",\"displayName\":\"App\\\\Jobs\\\\SendSmsJob\",\"job\":\"Illuminate\\\\Queue\\\\CallQueuedHandler@call\",\"maxTries\":null,\"maxExceptions\":null,\"failOnTimeout\":false,\"backoff\":null,\"timeout\":null,\"retryUntil\":null,\"data\":{\"commandName\":\"App\\\\Jobs\\\\SendSmsJob\",\"command\":\"O:19:\\\"App\\\\Jobs\\\\SendSmsJob\\\":13:{s:14:\\\"\\u0000*\\u0000business_id\\\";i:1;s:12:\\\"\\u0000*\\u0000recepient\\\";s:10:\\\"3151264899\\\";s:10:\\\"\\u0000*\\u0000message\\\";s:64:\\\"Dear Noman,\\n\\nThank you for your purchase.\\n\\nHairway Mens Saloooon\\\";s:3:\\\"job\\\";N;s:10:\\\"connection\\\";N;s:5:\\\"queue\\\";N;s:15:\\\"chainConnection\\\";N;s:10:\\\"chainQueue\\\";N;s:19:\\\"chainCatchCallbacks\\\";N;s:5:\\\"delay\\\";N;s:11:\\\"afterCommit\\\";N;s:10:\\\"middleware\\\";a:0:{}s:7:\\\"chained\\\";a:0:{}}\"}}', 0, NULL, 1631890436, 1631890436),
(6, 'default', '{\"uuid\":\"fe15bb62-caea-4179-aa21-364cde97f2a1\",\"displayName\":\"App\\\\Jobs\\\\SendSmsJob\",\"job\":\"Illuminate\\\\Queue\\\\CallQueuedHandler@call\",\"maxTries\":null,\"maxExceptions\":null,\"failOnTimeout\":false,\"backoff\":null,\"timeout\":null,\"retryUntil\":null,\"data\":{\"commandName\":\"App\\\\Jobs\\\\SendSmsJob\",\"command\":\"O:19:\\\"App\\\\Jobs\\\\SendSmsJob\\\":13:{s:14:\\\"\\u0000*\\u0000business_id\\\";i:1;s:12:\\\"\\u0000*\\u0000recepient\\\";s:10:\\\"3151264899\\\";s:10:\\\"\\u0000*\\u0000message\\\";s:64:\\\"Dear Noman,\\n\\nThank you for your purchase.\\n\\nHairway Mens Saloooon\\\";s:3:\\\"job\\\";N;s:10:\\\"connection\\\";N;s:5:\\\"queue\\\";N;s:15:\\\"chainConnection\\\";N;s:10:\\\"chainQueue\\\";N;s:19:\\\"chainCatchCallbacks\\\";N;s:5:\\\"delay\\\";N;s:11:\\\"afterCommit\\\";N;s:10:\\\"middleware\\\";a:0:{}s:7:\\\"chained\\\";a:0:{}}\"}}', 0, NULL, 1631890520, 1631890520),
(7, 'default', '{\"uuid\":\"bb3cf81b-39f3-4be5-aa1a-afa96a427021\",\"displayName\":\"App\\\\Jobs\\\\SendSmsJob\",\"job\":\"Illuminate\\\\Queue\\\\CallQueuedHandler@call\",\"maxTries\":null,\"maxExceptions\":null,\"failOnTimeout\":false,\"backoff\":null,\"timeout\":null,\"retryUntil\":null,\"data\":{\"commandName\":\"App\\\\Jobs\\\\SendSmsJob\",\"command\":\"O:19:\\\"App\\\\Jobs\\\\SendSmsJob\\\":13:{s:14:\\\"\\u0000*\\u0000business_id\\\";i:1;s:12:\\\"\\u0000*\\u0000recepient\\\";s:10:\\\"3151264899\\\";s:10:\\\"\\u0000*\\u0000message\\\";s:64:\\\"Dear Noman,\\n\\nThank you for your purchase.\\n\\nHairway Mens Saloooon\\\";s:3:\\\"job\\\";N;s:10:\\\"connection\\\";N;s:5:\\\"queue\\\";N;s:15:\\\"chainConnection\\\";N;s:10:\\\"chainQueue\\\";N;s:19:\\\"chainCatchCallbacks\\\";N;s:5:\\\"delay\\\";N;s:11:\\\"afterCommit\\\";N;s:10:\\\"middleware\\\";a:0:{}s:7:\\\"chained\\\";a:0:{}}\"}}', 0, NULL, 1631890560, 1631890560),
(8, 'default', '{\"uuid\":\"6581051b-6e33-49d1-bc51-70728ec1d8bf\",\"displayName\":\"App\\\\Jobs\\\\SendSmsJob\",\"job\":\"Illuminate\\\\Queue\\\\CallQueuedHandler@call\",\"maxTries\":null,\"maxExceptions\":null,\"failOnTimeout\":false,\"backoff\":null,\"timeout\":null,\"retryUntil\":null,\"data\":{\"commandName\":\"App\\\\Jobs\\\\SendSmsJob\",\"command\":\"O:19:\\\"App\\\\Jobs\\\\SendSmsJob\\\":13:{s:14:\\\"\\u0000*\\u0000business_id\\\";i:1;s:12:\\\"\\u0000*\\u0000recepient\\\";s:10:\\\"3151264899\\\";s:10:\\\"\\u0000*\\u0000message\\\";s:64:\\\"Dear Noman,\\n\\nThank you for your purchase.\\n\\nHairway Mens Saloooon\\\";s:3:\\\"job\\\";N;s:10:\\\"connection\\\";N;s:5:\\\"queue\\\";N;s:15:\\\"chainConnection\\\";N;s:10:\\\"chainQueue\\\";N;s:19:\\\"chainCatchCallbacks\\\";N;s:5:\\\"delay\\\";N;s:11:\\\"afterCommit\\\";N;s:10:\\\"middleware\\\";a:0:{}s:7:\\\"chained\\\";a:0:{}}\"}}', 0, NULL, 1631890613, 1631890613),
(9, 'default', '{\"uuid\":\"0c410b53-0f63-437c-889e-7837aaa76239\",\"displayName\":\"App\\\\Jobs\\\\SendSmsJob\",\"job\":\"Illuminate\\\\Queue\\\\CallQueuedHandler@call\",\"maxTries\":null,\"maxExceptions\":null,\"failOnTimeout\":false,\"backoff\":null,\"timeout\":null,\"retryUntil\":null,\"data\":{\"commandName\":\"App\\\\Jobs\\\\SendSmsJob\",\"command\":\"O:19:\\\"App\\\\Jobs\\\\SendSmsJob\\\":13:{s:14:\\\"\\u0000*\\u0000business_id\\\";i:1;s:12:\\\"\\u0000*\\u0000recepient\\\";s:10:\\\"3151264899\\\";s:10:\\\"\\u0000*\\u0000message\\\";s:64:\\\"Dear Noman,\\n\\nThank you for your purchase.\\n\\nHairway Mens Saloooon\\\";s:3:\\\"job\\\";N;s:10:\\\"connection\\\";N;s:5:\\\"queue\\\";N;s:15:\\\"chainConnection\\\";N;s:10:\\\"chainQueue\\\";N;s:19:\\\"chainCatchCallbacks\\\";N;s:5:\\\"delay\\\";N;s:11:\\\"afterCommit\\\";N;s:10:\\\"middleware\\\";a:0:{}s:7:\\\"chained\\\";a:0:{}}\"}}', 0, NULL, 1631890752, 1631890752),
(10, 'default', '{\"uuid\":\"f741265b-8926-4fd3-9b27-4390fdd4cbeb\",\"displayName\":\"App\\\\Jobs\\\\SendSmsJob\",\"job\":\"Illuminate\\\\Queue\\\\CallQueuedHandler@call\",\"maxTries\":null,\"maxExceptions\":null,\"failOnTimeout\":false,\"backoff\":null,\"timeout\":null,\"retryUntil\":null,\"data\":{\"commandName\":\"App\\\\Jobs\\\\SendSmsJob\",\"command\":\"O:19:\\\"App\\\\Jobs\\\\SendSmsJob\\\":13:{s:14:\\\"\\u0000*\\u0000business_id\\\";i:1;s:12:\\\"\\u0000*\\u0000recepient\\\";s:10:\\\"3151264899\\\";s:10:\\\"\\u0000*\\u0000message\\\";s:64:\\\"Dear Noman,\\n\\nThank you for your purchase.\\n\\nHairway Mens Saloooon\\\";s:3:\\\"job\\\";N;s:10:\\\"connection\\\";N;s:5:\\\"queue\\\";N;s:15:\\\"chainConnection\\\";N;s:10:\\\"chainQueue\\\";N;s:19:\\\"chainCatchCallbacks\\\";N;s:5:\\\"delay\\\";N;s:11:\\\"afterCommit\\\";N;s:10:\\\"middleware\\\";a:0:{}s:7:\\\"chained\\\";a:0:{}}\"}}', 0, NULL, 1631891079, 1631891079);

-- --------------------------------------------------------

--
-- Table structure for table `migrations`
--

CREATE TABLE `migrations` (
  `id` int(10) UNSIGNED NOT NULL,
  `migration` varchar(255) COLLATE utf8mb4_unicode_ci NOT NULL,
  `batch` int(11) NOT NULL
) ENGINE=InnoDB DEFAULT CHARSET=utf8mb4 COLLATE=utf8mb4_unicode_ci;

--
-- Dumping data for table `migrations`
--

INSERT INTO `migrations` (`id`, `migration`, `batch`) VALUES
(32, '2020_12_09_130124_businesses', 1),
(33, '2020_12_09_133906_users', 1),
(34, '2020_12_09_134002_branches', 1),
(35, '2020_12_14_114338_countries', 1),
(36, '2020_12_14_115639_states', 1),
(37, '2020_12_14_115753_cities', 1),
(39, '2021_01_07_080536_timezones', 1),
(40, '2021_01_15_110649_taxes', 1),
(41, '2021_01_19_150525_services_categories', 1),
(42, '2021_01_19_150533_services', 1),
(43, '2021_02_01_144301_staff', 1),
(44, '2021_02_02_070826_discount_types', 1),
(45, '2021_02_04_090558_staff_services', 1),
(46, '2021_02_11_141827_staff_shifts', 1),
(47, '2021_02_15_110649_payment_types', 1),
(50, '2021_02_16_115753_services_packages', 1),
(51, '2021_02_22_071057_closed_dates', 1),
(52, '2021_03_01_142606_closed_dates_branches', 1),
(53, '2021_03_02_143132_inventory_brands', 1),
(54, '2021_03_02_143919_inventory_categories', 1),
(55, '2021_03_02_144130_inventory_suppliers', 1),
(56, '2021_03_05_064914_branch_services', 1),
(57, '2021_03_08_113546_inventory_products', 1),
(58, '2021_03_15_101330_inventory_history', 1),
(59, '2021_03_24_062026_staff_branches', 1),
(60, '2021_03_24_062228_branch_products', 1),
(61, '2021_03_24_122209_services_pricings', 1),
(68, '2021_04_03_111215_client_blocked_reasons', 3),
(70, '2020_12_14_131019_clients', 4),
(154, '2021_02_02_070826_discounts', 5),
(175, '2021_04_05_085726_customers', 6),
(176, '2021_04_09_072637_invoices', 6),
(177, '2021_04_09_103554_invoice_items', 6),
(178, '2021_04_10_110359_invoice_items_taxes', 6),
(179, '2021_04_27_124002_appointments', 6),
(180, '2021_04_27_124107_appointment_items', 6),
(181, '2021_04_30_121223_appointment_history', 6),
(182, '2021_05_03_115541_cancellation_reasons', 6),
(183, '2021_05_04_074907_branch_timings', 6),
(184, '2021_06_09_062721_deals', 6),
(185, '2021_06_09_062732_deals_inclusions', 6),
(186, '2021_06_09_062739_deals_branches', 6),
(187, '2021_06_24_113502_payment_methods', 6),
(188, '2021_06_24_113510_payment_methods_countries', 6),
(189, '2021_06_24_172931_invoice_items_discounts', 6),
(190, '2021_06_25_134922_client_deals', 6),
(191, '2021_06_25_140609_client_deals_items', 6),
(192, '2021_07_02_102016_create_jobs_table', 6),
(193, '2021_07_12_161021_add_invoice_id_to_client_deals_table', 6),
(201, '2021_07_15_144419_invoices_add_column_grosstotal_discount', 7),
(203, '2021_07_15_144555_invoices_add_column_tax_discount', 8),
(204, '2021_07_15_172104_deals_add_column_slug', 9),
(206, '2021_07_15_180000_appointment_history_add_column_status', 10),
(209, '2021_07_15_180651_expenses', 11),
(210, '2021_07_16_064815_clients_add_colum_customer_id', 12),
(214, '2021_07_16_135803_businesses_add_column_is_profile_complete', 13),
(215, '2021_07_20_080837_closed_dates_update_datetime_columns', 13),
(216, '2021_07_27_140332_staff_shifts_add_column_repeats', 14),
(217, '2021_08_03_071456_businesses_add_column_sms_limit', 15),
(218, '2021_08_03_144859_short_urls', 16),
(225, '2021_08_04_083547_sms_templates', 17),
(226, '2021_08_12_113428_sms_history', 17),
(230, '2021_08_24_123953_add_sales_settings', 18),
(231, '2021_08_24_144142_transactions', 19),
(236, '2021_08_26_103333_sms_campaign', 21),
(238, '2021_08_24_152954_add_column_staff_commission', 22),
(239, '2021_09_02_074758_sms_campaign_clients', 23),
(240, '2021_09_06_065614_sms_campsign_logs', 24);

-- --------------------------------------------------------

--
-- Table structure for table `payment_methods`
--

CREATE TABLE `payment_methods` (
  `id` bigint(20) UNSIGNED NOT NULL,
  `title` varchar(100) COLLATE utf8mb4_unicode_ci NOT NULL,
  `is_active` tinyint(1) NOT NULL DEFAULT '1',
  `created_at` timestamp NULL DEFAULT NULL,
  `updated_at` timestamp NULL DEFAULT NULL
) ENGINE=InnoDB DEFAULT CHARSET=utf8mb4 COLLATE=utf8mb4_unicode_ci;

--
-- Dumping data for table `payment_methods`
--

INSERT INTO `payment_methods` (`id`, `title`, `is_active`, `created_at`, `updated_at`) VALUES
(1, 'Cash', 1, NULL, NULL),
(2, 'EasyPaisa', 1, NULL, NULL),
(3, 'Keenu', 1, NULL, NULL);

-- --------------------------------------------------------

--
-- Table structure for table `payment_methods_countries`
--

CREATE TABLE `payment_methods_countries` (
  `id` bigint(20) UNSIGNED NOT NULL,
  `payment_method_id` bigint(20) UNSIGNED NOT NULL,
  `country_id` bigint(20) UNSIGNED NOT NULL,
  `is_active` tinyint(1) NOT NULL DEFAULT '1',
  `created_at` timestamp NULL DEFAULT NULL,
  `updated_at` timestamp NULL DEFAULT NULL
) ENGINE=InnoDB DEFAULT CHARSET=utf8mb4 COLLATE=utf8mb4_unicode_ci;

--
-- Dumping data for table `payment_methods_countries`
--

INSERT INTO `payment_methods_countries` (`id`, `payment_method_id`, `country_id`, `is_active`, `created_at`, `updated_at`) VALUES
(1, 1, 1, 1, NULL, NULL),
(2, 2, 1, 1, NULL, NULL),
(3, 3, 1, 1, NULL, NULL);

-- --------------------------------------------------------

--
-- Table structure for table `services`
--

CREATE TABLE `services` (
  `id` bigint(20) UNSIGNED NOT NULL,
  `business_id` bigint(20) UNSIGNED NOT NULL,
  `title` varchar(100) COLLATE utf8mb4_unicode_ci NOT NULL,
  `is_package` tinyint(1) NOT NULL,
  `treatment_type` int(10) UNSIGNED DEFAULT NULL,
  `category_id` bigint(20) UNSIGNED NOT NULL,
  `available_for` enum('male','female') COLLATE utf8mb4_unicode_ci DEFAULT NULL,
  `description` varchar(500) COLLATE utf8mb4_unicode_ci DEFAULT NULL,
  `enable_online_booking` tinyint(1) NOT NULL DEFAULT '1',
  `enable_commission` tinyint(1) NOT NULL DEFAULT '1',
  `is_active` tinyint(1) NOT NULL DEFAULT '1',
  `created_at` timestamp NULL DEFAULT NULL,
  `updated_at` timestamp NULL DEFAULT NULL
) ENGINE=InnoDB DEFAULT CHARSET=utf8mb4 COLLATE=utf8mb4_unicode_ci;

--
-- Dumping data for table `services`
--

INSERT INTO `services` (`id`, `business_id`, `title`, `is_package`, `treatment_type`, `category_id`, `available_for`, `description`, `enable_online_booking`, `enable_commission`, `is_active`, `created_at`, `updated_at`) VALUES
(1, 1, 'Hair Transplant', 0, 3, 1, 'male', NULL, 1, 1, 1, '2021-03-30 11:49:38', '2021-04-05 10:14:09'),
(2, 1, 'Full Arm  Wax ', 0, 6, 2, 'female', NULL, 1, 1, 1, '2021-04-05 11:35:21', '2021-05-07 15:56:41'),
(3, 2, 'Haircut', 0, 203, 3, NULL, NULL, 1, 1, 1, '2021-04-27 11:28:20', '2021-04-27 11:28:20'),
(4, 2, 'Waxing New', 0, 191, 4, 'male', NULL, 1, 1, 1, '2021-04-27 11:30:38', '2021-04-27 11:30:38'),
(5, 2, 'Manicure pedicure', 0, 24, 3, 'female', 'normal manicure normal pedicure whitening manicure whitening pedicure paraffin manicure', 1, 1, 1, '2021-04-27 11:34:23', '2021-04-27 11:34:23'),
(6, 2, 'Massage', 0, 207, 5, NULL, NULL, 1, 1, 1, '2021-04-27 11:37:15', '2021-04-27 11:37:15'),
(7, 3, 'Haircut', 0, 2, 6, NULL, NULL, 1, 1, 1, '2021-04-27 11:43:38', '2021-04-27 11:45:43'),
(8, 3, 'Hair Dye', 0, 8, 6, 'male', NULL, 1, 1, 1, '2021-04-27 11:45:33', '2021-04-27 11:45:33'),
(9, 3, 'Hair treatment', 0, 3, 6, NULL, NULL, 1, 1, 1, '2021-04-27 11:47:15', '2021-04-27 11:47:15'),
(10, 3, 'Body Service', 0, 24, 7, NULL, NULL, 1, 1, 1, '2021-04-27 11:48:33', '2021-04-27 11:48:33'),
(11, 4, 'Cutting', 0, 1, 8, 'male', NULL, 1, 1, 1, '2021-04-27 12:17:13', '2021-04-27 12:17:13'),
(12, 4, 'Hair Dye', 0, 8, 8, 'male', NULL, 1, 1, 1, '2021-04-27 12:17:46', '2021-04-27 12:17:46'),
(13, 4, 'Hair Treatments', 0, 4, 8, 'male', NULL, 1, 1, 1, '2021-04-27 12:18:24', '2021-04-27 12:18:24'),
(14, 1, 'Massage', 0, 207, 9, NULL, NULL, 1, 1, 1, '2021-04-28 08:00:23', '2021-04-28 08:00:23'),
(15, 1, 'Feet Massage', 0, 211, 9, NULL, NULL, 1, 1, 1, '2021-04-28 08:01:46', '2021-04-28 08:01:46'),
(16, 1, 'Head Massage', 0, 262, 9, NULL, NULL, 1, 1, 1, '2021-04-28 08:02:41', '2021-04-28 08:02:41'),
(17, 1, 'Face Massage', 0, 212, 9, NULL, NULL, 1, 1, 1, '2021-04-28 08:03:19', '2021-04-28 08:03:19'),
(18, 1, 'BRIDAL SMOKEY/GLAMOUR MAKEUP', 0, 155, 10, NULL, NULL, 1, 1, 1, '2021-04-28 08:05:03', '2021-04-28 08:05:03'),
(19, 1, 'SIGNATURE BRIDAL MAKEUP', 0, 180, 10, NULL, NULL, 1, 1, 1, '2021-04-28 08:06:00', '2021-04-28 08:06:00'),
(20, 1, 'MEHINDI MAKEUP', 0, 180, 10, NULL, NULL, 1, 1, 1, '2021-04-28 08:07:25', '2021-04-28 08:07:25'),
(21, 1, 'VALIMA MAKUP', 0, 180, 10, NULL, NULL, 1, 1, 1, '2021-04-28 08:08:31', '2021-04-28 08:08:31'),
(22, 1, 'MAYOON MAKEUP', 0, 180, 10, NULL, NULL, 1, 1, 1, '2021-04-28 08:09:52', '2021-04-28 08:09:52'),
(23, 1, 'Blow Dry', 0, 11, 11, NULL, NULL, 1, 1, 1, '2021-04-28 08:10:31', '2021-04-28 08:10:31'),
(24, 1, 'Basic hair style', 0, 2, 11, NULL, NULL, 1, 1, 1, '2021-04-28 08:11:19', '2021-04-28 08:11:19'),
(25, 1, 'fancy hair styling', 0, 2, 11, NULL, NULL, 1, 1, 1, '2021-04-28 08:11:48', '2021-04-28 08:11:48'),
(26, 1, 'Ironing', 0, 14, 11, NULL, NULL, 1, 1, 1, '2021-04-28 08:12:41', '2021-04-28 08:12:41'),
(27, 1, 'Iron curls/tong curls ', 0, 14, 11, NULL, NULL, 1, 1, 1, '2021-04-28 08:13:15', '2021-04-28 08:13:15'),
(28, 1, 'Hair Dye ( Own Product )', 0, 2, 1, NULL, NULL, 0, 1, 1, '2021-04-28 08:24:15', '2021-04-28 08:24:15'),
(29, 1, 'Beard Dye ( french )', 0, 2, 1, NULL, NULL, 1, 0, 1, '2021-04-28 08:24:40', '2021-08-12 07:18:45'),
(30, 1, 'Waxing New', 0, 2, 1, NULL, NULL, 1, 1, 1, '2021-04-28 08:25:15', '2021-08-12 07:32:56'),
(31, 1, 'Mustache Dye', 0, 2, 1, NULL, NULL, 1, 1, 1, '2021-04-28 08:25:42', '2021-04-28 08:25:42'),
(32, 1, 'Legs Wax ', 0, 16, 2, NULL, NULL, 1, 1, 1, '2021-04-28 08:28:21', '2021-04-28 08:28:21'),
(33, 1, 'Full Face Wax', 0, 16, 2, NULL, NULL, 1, 1, 1, '2021-04-28 08:29:14', '2021-04-28 08:29:14'),
(34, 1, 'Face Wax ( Per Area )', 0, 175, 2, NULL, NULL, 1, 1, 1, '2021-04-28 08:30:12', '2021-04-28 08:30:12'),
(35, 1, 'Nose/Ear wax', 0, 144, 2, NULL, NULL, 1, 1, 1, '2021-04-28 08:30:44', '2021-04-28 08:30:44'),
(36, 1, 'keratin treatment ', 0, 16, 12, NULL, NULL, 1, 1, 1, '2021-04-28 08:31:55', '2021-04-28 08:31:55'),
(37, 1, 'x tenso', 0, 16, 12, NULL, NULL, 1, 1, 1, '2021-04-28 08:32:22', '2021-04-28 08:32:22'),
(38, 1, 'Hair  Treatment  Inforcer ( Loreal )', 0, 19, 12, NULL, NULL, 1, 1, 1, '2021-04-28 08:32:53', '2021-04-28 08:32:53'),
(39, 1, 'Styling', 0, 151, 12, NULL, NULL, 1, 1, 1, '2021-04-28 08:33:34', '2021-04-28 08:33:34'),
(40, 1, 'Hair Treatment  Absolute Repair (L\'Oreal)', 0, 4, 12, NULL, NULL, 1, 1, 1, '2021-04-28 08:34:06', '2021-04-28 08:34:06'),
(41, 1, 'Streaks high/ low lights', 0, 266, 12, NULL, NULL, 1, 1, 1, '2021-04-28 08:35:08', '2021-04-28 08:35:08'),
(43, 1, 'Nose Trimming', 0, 188, 9, 'male', 'Nose trimming for nose trimmers', 1, 1, 1, '2021-06-08 15:17:36', '2021-06-08 15:17:36'),
(44, 1, 'Aloo Gosht', 0, 6, 2, NULL, NULL, 1, 1, 1, '2021-07-06 08:13:23', '2021-07-06 08:13:23'),
(45, 1, 'Japanese Straightening Service', 0, 1, 2, NULL, 'Hall baloo', 1, 1, 1, '2021-07-19 11:58:14', '2021-07-19 11:58:14'),
(46, 1, 'Poonam Rice 5kg', 0, 3, 13, NULL, NULL, 1, 1, 1, '2021-07-30 16:44:50', '2021-07-30 16:44:50'),
(47, 1, 'Beard Dyee', 0, 203, 1, 'male', 'OOlalala', 1, 1, 1, '2021-08-11 07:16:04', '2021-08-11 07:17:28');

-- --------------------------------------------------------

--
-- Table structure for table `services_categories`
--

CREATE TABLE `services_categories` (
  `id` bigint(20) UNSIGNED NOT NULL,
  `business_id` bigint(20) UNSIGNED NOT NULL,
  `title` varchar(100) COLLATE utf8mb4_unicode_ci NOT NULL,
  `color` varchar(7) COLLATE utf8mb4_unicode_ci NOT NULL,
  `description` text COLLATE utf8mb4_unicode_ci,
  `created_at` timestamp NULL DEFAULT NULL,
  `updated_at` timestamp NULL DEFAULT NULL
) ENGINE=InnoDB DEFAULT CHARSET=utf8mb4 COLLATE=utf8mb4_unicode_ci;

--
-- Dumping data for table `services_categories`
--

INSERT INTO `services_categories` (`id`, `business_id`, `title`, `color`, `description`, `created_at`, `updated_at`) VALUES
(1, 1, 'Hairs', '#e7f286', NULL, '2021-03-30 11:48:41', '2021-07-29 07:46:24'),
(2, 1, 'Waxing', '#ffbf69', NULL, '2021-04-05 07:43:35', '2021-05-10 09:14:51'),
(3, 2, 'Hair', '#f795af', NULL, '2021-04-27 11:27:08', '2021-04-27 11:27:08'),
(4, 2, 'Wax', '#ffbf69', NULL, '2021-04-27 11:27:14', '2021-04-27 11:27:14'),
(5, 2, 'Massage ', '#a6e5bd', NULL, '2021-04-27 11:36:09', '2021-04-27 11:36:09'),
(6, 3, 'Hair', '#f795af', NULL, '2021-04-27 11:43:06', '2021-04-27 11:43:06'),
(7, 3, 'Body', '#ffbf69', NULL, '2021-04-27 11:47:54', '2021-04-27 11:47:54'),
(8, 4, 'Hair Cutting', '#bbc1e8', NULL, '2021-04-27 12:16:45', '2021-04-27 12:16:45'),
(9, 1, 'Body Massage', '#bbc1e8', NULL, '2021-04-28 07:57:03', '2021-04-28 07:57:17'),
(10, 1, 'Bridal Makeup', '#ffbf69', NULL, '2021-04-28 07:57:31', '2021-04-28 07:57:41'),
(11, 1, 'Hair Styling', '#ffec78', NULL, '2021-04-28 07:58:12', '2021-04-28 07:58:12'),
(12, 1, 'Styling', '#f795af', NULL, '2021-04-28 08:31:21', '2021-06-08 08:57:37'),
(13, 1, 'Imtiaz Category', '#e7f286', NULL, '2021-07-30 16:43:48', '2021-07-30 16:43:48'),
(14, 1, 'Body', '#91e3ee', NULL, '2021-08-17 11:23:16', '2021-08-17 11:23:16'),
(15, 1, 'asdasdasd', '#e7f286', 'asdas', '2021-08-31 07:35:08', '2021-08-31 07:35:08');

-- --------------------------------------------------------

--
-- Table structure for table `services_packages`
--

CREATE TABLE `services_packages` (
  `id` bigint(20) UNSIGNED NOT NULL,
  `package_id` bigint(20) UNSIGNED NOT NULL,
  `service_id` bigint(20) UNSIGNED NOT NULL,
  `pricing_id` bigint(20) UNSIGNED NOT NULL,
  `created_at` timestamp NULL DEFAULT NULL,
  `updated_at` timestamp NULL DEFAULT NULL
) ENGINE=InnoDB DEFAULT CHARSET=utf8mb4 COLLATE=utf8mb4_unicode_ci;

-- --------------------------------------------------------

--
-- Table structure for table `services_pricings`
--

CREATE TABLE `services_pricings` (
  `id` bigint(20) UNSIGNED NOT NULL,
  `service_id` bigint(20) UNSIGNED NOT NULL,
  `name` varchar(50) COLLATE utf8mb4_unicode_ci DEFAULT NULL,
  `duration` int(10) UNSIGNED DEFAULT NULL,
  `price` decimal(8,2) UNSIGNED NOT NULL,
  `special_price` decimal(8,2) UNSIGNED DEFAULT NULL,
  `created_at` timestamp NULL DEFAULT NULL,
  `updated_at` timestamp NULL DEFAULT NULL
) ENGINE=InnoDB DEFAULT CHARSET=utf8mb4 COLLATE=utf8mb4_unicode_ci;

--
-- Dumping data for table `services_pricings`
--

INSERT INTO `services_pricings` (`id`, `service_id`, `name`, `duration`, `price`, `special_price`, `created_at`, `updated_at`) VALUES
(39, 3, 'offer', 30, '500.00', '450.00', '2021-04-27 11:28:21', '2021-04-27 11:28:21'),
(40, 4, 'male wax', 45, '650.00', '600.00', '2021-04-27 11:30:39', '2021-04-27 11:30:39'),
(41, 5, 'Normal manicure', 30, '800.00', '0.00', '2021-04-27 11:34:23', '2021-04-27 11:34:23'),
(42, 5, 'Normal pedicure', 45, '998.00', '0.00', '2021-04-27 11:34:23', '2021-04-27 11:34:23'),
(43, 5, 'whitening manicure ', 45, '1800.00', '0.00', '2021-04-27 11:34:23', '2021-04-27 11:34:23'),
(44, 6, 'Nomal Massage', 60, '5000.00', '0.00', '2021-04-27 11:37:15', '2021-04-27 11:37:15'),
(45, 6, 'Special Massage ', 75, '8000.00', '0.00', '2021-04-27 11:37:15', '2021-04-27 11:37:15'),
(47, 8, 'hair dye', 60, '1500.00', '0.00', '2021-04-27 11:45:33', '2021-04-27 11:45:33'),
(48, 7, 'Haircut', 30, '598.00', '0.00', '2021-04-27 11:45:43', '2021-04-27 11:45:43'),
(49, 9, 'Nomal Transplant', 150, '5000.00', '0.00', '2021-04-27 11:47:15', '2021-04-27 11:47:15'),
(50, 9, 'Special Transplant', 150, '9000.00', '0.00', '2021-04-27 11:47:15', '2021-04-27 11:47:15'),
(52, 10, 'Treatment', 90, '6000.00', '0.00', '2021-04-27 11:49:06', '2021-04-27 11:49:06'),
(53, 11, 'cutting', 15, '650.00', '640.00', '2021-04-27 12:17:13', '2021-04-27 12:17:13'),
(54, 12, 'Hair Dye', 60, '2000.00', '1800.00', '2021-04-27 12:17:46', '2021-04-27 12:17:46'),
(55, 13, 'Hair Treatments', 60, '1600.00', '1500.00', '2021-04-27 12:18:24', '2021-04-27 12:18:24'),
(58, 15, 'feet massage', 60, '9000.00', '0.00', '2021-04-28 08:01:46', '2021-04-28 08:01:46'),
(60, 17, 'Face Massage', 60, '5000.00', '4500.00', '2021-04-28 08:03:19', '2021-04-28 08:03:19'),
(62, 19, 'wedding', 60, '25000.00', '24000.00', '2021-04-28 08:06:00', '2021-04-28 08:06:00'),
(63, 20, 'MEHINDI ', 60, '12000.00', '0.00', '2021-04-28 08:07:25', '2021-04-28 08:07:25'),
(64, 21, 'Valima Normal', 60, '30000.00', '28000.00', '2021-04-28 08:08:31', '2021-04-28 08:08:31'),
(65, 21, 'Valima Special', 60, '50000.00', '48000.00', '2021-04-28 08:08:31', '2021-04-28 08:08:31'),
(66, 22, 'makup', 60, '9000.00', '8500.00', '2021-04-28 08:09:52', '2021-04-28 08:09:52'),
(67, 23, 'Dry', 60, '1000.00', '0.00', '2021-04-28 08:10:31', '2021-04-28 08:10:31'),
(68, 24, 'Hair Style', 60, '1000.00', '800.00', '2021-04-28 08:11:19', '2021-04-28 08:11:19'),
(69, 25, 'Fancy', 60, '2000.00', '1900.00', '2021-04-28 08:11:48', '2021-04-28 08:11:48'),
(70, 26, 'Straigners', 60, '1500.00', '0.00', '2021-04-28 08:12:41', '2021-04-28 08:12:41'),
(71, 27, 'Iron curls/tong curls ', 60, '3000.00', '2900.00', '2021-04-28 08:13:15', '2021-04-28 08:13:15'),
(78, 33, 'Full Face Wax', 60, '1200.00', '0.00', '2021-04-28 08:29:14', '2021-04-28 08:29:14'),
(82, 37, 'x tenso', 60, '8000.00', '0.00', '2021-04-28 08:32:22', '2021-04-28 08:32:22'),
(83, 38, 'Hair  Treatment  Inforcer ( Loreal )', 60, '6700.00', '0.00', '2021-04-28 08:32:53', '2021-04-28 08:32:53'),
(84, 39, 'Styling', 60, '800.00', '0.00', '2021-04-28 08:33:34', '2021-04-28 08:33:34'),
(85, 40, 'Hair Treatment  Absolute Repair (L\'Oreal)', 60, '4000.00', '0.00', '2021-04-28 08:34:06', '2021-04-28 08:34:06'),
(86, 41, 'Streaks high/ low lights', 60, '2200.00', '0.00', '2021-04-28 08:35:08', '2021-04-28 08:35:08'),
(97, 31, 'Mustache Dye', 60, '500.00', '0.00', '2021-05-10 06:53:28', '2021-05-10 06:53:28'),
(105, 43, 'Nose Trimming', 60, '571.00', '0.00', '2021-06-10 07:11:44', '2021-06-10 07:11:44'),
(106, 35, 'Nose/Ear wax', 60, '200.00', '0.00', '2021-06-25 13:17:34', '2021-06-25 13:17:34'),
(112, 44, NULL, 30, '5000.00', '0.00', '2021-07-06 08:13:23', '2021-07-06 08:13:23'),
(113, 45, 'Oeee Price', 60, '5000.00', '0.00', '2021-07-19 11:58:14', '2021-07-19 11:58:14'),
(115, 1, 'Basic - 1 Hour', 60, '250000.00', '240000.00', '2021-07-29 08:36:53', '2021-07-29 08:36:53'),
(116, 1, 'Basic - 2 Hours', 120, '500000.00', '0.00', '2021-07-29 08:36:53', '2021-07-29 08:36:53'),
(118, 32, NULL, 45, '2000.00', '0.00', '2021-07-29 08:37:31', '2021-07-29 08:37:31'),
(119, 2, 'Nice Hair Style', 105, '5000.00', '4000.00', '2021-07-29 08:37:42', '2021-07-29 08:37:42'),
(120, 34, 'Face Wax ( Per Area )', 60, '400.00', '0.00', '2021-07-29 08:37:51', '2021-07-29 08:37:51'),
(121, 14, 'Body Massage with Butter', 60, '4000.00', '0.00', '2021-07-29 08:38:21', '2021-07-29 08:38:21'),
(122, 14, 'Body Massage with Aoma Oil', 60, '8000.00', '0.00', '2021-07-29 08:38:21', '2021-07-29 08:38:21'),
(123, 18, 'Bridal', 90, '20000.00', '19000.00', '2021-07-29 08:38:30', '2021-07-29 08:38:30'),
(124, 16, 'Indian Head Massage', 60, '1200.00', '1000.00', '2021-07-29 08:38:40', '2021-07-29 08:38:40'),
(125, 28, 'Hair Dye ( Own Product )', 60, '2000.00', '0.00', '2021-07-29 08:43:07', '2021-07-29 08:43:07'),
(128, 46, NULL, 60, '900.00', '0.00', '2021-07-30 16:44:50', '2021-07-30 16:44:50'),
(132, 47, NULL, 30, '150.00', '0.00', '2021-08-11 07:17:28', '2021-08-11 07:17:28'),
(146, 36, 'keratin treatment ', 60, '7000.00', '0.00', '2021-08-30 15:32:19', '2021-08-30 15:32:19'),
(147, 29, 'Mustache Dye', 60, '555.00', '0.00', '2021-09-01 12:25:53', '2021-09-01 12:25:53'),
(148, 30, 'french', 60, '900.00', '0.00', '2021-09-16 11:10:27', '2021-09-16 11:10:27');

-- --------------------------------------------------------

--
-- Table structure for table `short_urls`
--

CREATE TABLE `short_urls` (
  `id` bigint(20) UNSIGNED NOT NULL,
  `type` varchar(50) COLLATE utf8mb4_unicode_ci NOT NULL,
  `type_id` bigint(20) UNSIGNED NOT NULL,
  `url_code` varchar(100) COLLATE utf8mb4_unicode_ci NOT NULL,
  `created_at` timestamp NULL DEFAULT NULL,
  `updated_at` timestamp NULL DEFAULT NULL
) ENGINE=InnoDB DEFAULT CHARSET=utf8mb4 COLLATE=utf8mb4_unicode_ci;

--
-- Dumping data for table `short_urls`
--

INSERT INTO `short_urls` (`id`, `type`, `type_id`, `url_code`, `created_at`, `updated_at`) VALUES
(1, 'deals', 1, 'cmpr', '2021-08-03 15:46:00', '2021-08-03 15:46:00'),
(2, 'deals', 2, 'ztep', '2021-08-03 15:56:13', '2021-08-03 15:56:13'),
(3, 'deals', 3, 'c70g', '2021-08-03 15:58:17', '2021-08-03 15:58:17'),
(5, 'deals', 4, 'ff4i', '2021-08-03 15:59:48', '2021-08-03 15:59:48'),
(6, 'branch', 8, 'klkx', '2021-08-03 16:02:52', '2021-08-03 16:02:52'),
(7, 'deals', 3, 'fy3l', '2021-08-03 16:07:49', '2021-08-03 16:07:49'),
(10, 'deals', 5, 'emhl', '2021-08-04 08:54:23', '2021-08-04 08:58:29'),
(11, 'deals', 7, 'qz4f', '2021-08-04 10:03:44', '2021-08-04 10:03:44'),
(12, 'deals', 10, 'nwcq', '2021-08-04 10:05:49', '2021-08-04 10:05:49'),
(13, 'branch', 3, '6mw3', '2021-08-04 10:17:39', '2021-08-04 10:17:39'),
(14, 'branch', 22, 'hqp1', '2021-08-04 10:19:34', '2021-08-04 10:19:34'),
(15, 'deals', 9, '5wcf', '2021-08-04 10:25:55', '2021-08-04 10:25:55'),
(16, 'branch', 4, '6ct6', '2021-08-04 10:26:28', '2021-08-04 10:26:28'),
(17, 'deals', 6, 'rn79', '2021-08-04 10:46:13', '2021-08-04 10:46:13'),
(18, 'deals', 11, 'ua5l', '2021-08-04 17:14:20', '2021-08-04 17:14:20'),
(20, 'deals', 8, 'OR3w', '2021-09-17 12:59:11', '2021-09-17 12:59:11');

-- --------------------------------------------------------

--
-- Table structure for table `sms_campaign`
--

CREATE TABLE `sms_campaign` (
  `id` bigint(20) UNSIGNED NOT NULL,
  `business_id` bigint(20) UNSIGNED NOT NULL,
  `name` text COLLATE utf8mb4_unicode_ci NOT NULL,
  `message` text COLLATE utf8mb4_unicode_ci NOT NULL,
  `short_url_id` bigint(20) UNSIGNED DEFAULT NULL,
  `status` enum('draft','complete') COLLATE utf8mb4_unicode_ci NOT NULL,
  `filter` blob,
  `created_at` timestamp NULL DEFAULT NULL,
  `updated_at` timestamp NULL DEFAULT NULL
) ENGINE=InnoDB DEFAULT CHARSET=utf8mb4 COLLATE=utf8mb4_unicode_ci;

--
-- Dumping data for table `sms_campaign`
--

INSERT INTO `sms_campaign` (`id`, `business_id`, `name`, `message`, `short_url_id`, `status`, `filter`, `created_at`, `updated_at`) VALUES
(39, 1, 'dasdasd', 'Lorem Ipsum is simply a dummy text of the printing and typesetting industry.', NULL, 'complete', 0x6e756c6c, '2021-09-08 11:18:14', '2021-09-08 11:18:23'),
(40, 1, 'asdasd', 'Lorem Ipsum is simply a dummy text of the printing and typesetting industry.', 17, 'draft', NULL, '2021-09-16 15:46:08', '2021-09-16 15:46:08');

-- --------------------------------------------------------

--
-- Table structure for table `sms_campaign_clients`
--

CREATE TABLE `sms_campaign_clients` (
  `id` bigint(20) UNSIGNED NOT NULL,
  `campaign_id` bigint(20) UNSIGNED NOT NULL,
  `client_id` bigint(20) UNSIGNED NOT NULL,
  `created_at` timestamp NULL DEFAULT NULL,
  `updated_at` timestamp NULL DEFAULT NULL
) ENGINE=InnoDB DEFAULT CHARSET=utf8mb4 COLLATE=utf8mb4_unicode_ci;

--
-- Dumping data for table `sms_campaign_clients`
--

INSERT INTO `sms_campaign_clients` (`id`, `campaign_id`, `client_id`, `created_at`, `updated_at`) VALUES
(164, 39, 1, '2021-09-08 11:18:23', '2021-09-08 11:18:23'),
(165, 39, 2, '2021-09-08 11:18:23', '2021-09-08 11:18:23'),
(166, 39, 9, '2021-09-08 11:18:23', '2021-09-08 11:18:23'),
(167, 39, 10, '2021-09-08 11:18:23', '2021-09-08 11:18:23'),
(168, 39, 12, '2021-09-08 11:18:23', '2021-09-08 11:18:23'),
(169, 39, 16, '2021-09-08 11:18:23', '2021-09-08 11:18:23'),
(170, 39, 17, '2021-09-08 11:18:23', '2021-09-08 11:18:23'),
(171, 39, 19, '2021-09-08 11:18:23', '2021-09-08 11:18:23'),
(172, 39, 20, '2021-09-08 11:18:23', '2021-09-08 11:18:23'),
(173, 39, 21, '2021-09-08 11:18:23', '2021-09-08 11:18:23'),
(174, 39, 22, '2021-09-08 11:18:23', '2021-09-08 11:18:23'),
(175, 39, 23, '2021-09-08 11:18:23', '2021-09-08 11:18:23');

-- --------------------------------------------------------

--
-- Table structure for table `sms_campaign_logs`
--

CREATE TABLE `sms_campaign_logs` (
  `id` bigint(20) UNSIGNED NOT NULL,
  `campaign_id` bigint(20) UNSIGNED NOT NULL,
  `created_at` timestamp NULL DEFAULT NULL,
  `updated_at` timestamp NULL DEFAULT NULL
) ENGINE=InnoDB DEFAULT CHARSET=utf8mb4 COLLATE=utf8mb4_unicode_ci;

-- --------------------------------------------------------

--
-- Table structure for table `sms_history`
--

CREATE TABLE `sms_history` (
  `id` bigint(20) UNSIGNED NOT NULL,
  `business_id` bigint(20) UNSIGNED NOT NULL,
  `mobile_number` text COLLATE utf8mb4_unicode_ci NOT NULL,
  `message` text COLLATE utf8mb4_unicode_ci NOT NULL,
  `created_at` timestamp NULL DEFAULT NULL,
  `updated_at` timestamp NULL DEFAULT NULL
) ENGINE=InnoDB DEFAULT CHARSET=utf8mb4 COLLATE=utf8mb4_unicode_ci;

--
-- Dumping data for table `sms_history`
--

INSERT INTO `sms_history` (`id`, `business_id`, `mobile_number`, `message`, `created_at`, `updated_at`) VALUES
(1, 1, '923222353116', 'Dear Khadim,\nThank you for taking your service.\n\nRegards,\nBusiness Saloon', '2021-08-13 11:31:20', NULL),
(2, 1, '3222353116', 'Dear Shujaat,\nThis is to inform that you have an upcoming appointment on 16/08 at 04:15pm.\n\n{Hairway Mens Saloooon}', '2021-08-16 10:19:04', '2021-08-16 10:19:04'),
(3, 1, '923222353116', 'Dear John,\nThis is to inform that you have an upcoming appointment on 16/08 at 04:30pm.\n\nHairway Mens Saloooon', '2021-08-16 10:30:07', '2021-08-16 10:30:07'),
(4, 1, '923222353116', 'Dear Shujaat,\n\nThank you for visiting us.\n\nHairway Mens Saloooon', '2021-08-20 14:15:45', '2021-08-20 14:15:45'),
(5, 1, '923222353116', 'Dear Shujaat,\n\nThank you for visiting us.\n\nHairway Mens Saloooon', '2021-08-20 14:21:09', '2021-08-20 14:21:09'),
(6, 1, '923222353116', 'Lorem Ipsum is simply a dummy text of the printing and typesetting industry.', '2021-09-06 11:14:11', '2021-09-06 11:14:11'),
(7, 1, '923222353116', 'Lorem Ipsum is simply a dummy text of the printing and typesetting industry.\nhttp://localhost:8000/hqp1', '2021-09-06 11:20:17', '2021-09-06 11:20:17'),
(8, 1, '923222353116', 'test', '2021-09-10 10:14:18', '2021-09-10 10:14:18'),
(9, 1, '923222353116', 'Reply with SU1231 to confirm or SU1230 to cancel', '2021-09-10 10:29:32', '2021-09-10 10:29:32'),
(10, 1, '923222353116', 'Reply with SU1231 to confirm or SU1230 to cancel', '2021-09-10 10:32:24', '2021-09-10 10:32:24'),
(11, 1, '923222353116', 'Hi John, we are looking forward to seeing you on 15/09 at 04:00 pm. To Confirm, reply with SU5481, or SU5480 to cancel, or call 923222353116. ', '2021-09-10 10:33:15', '2021-09-10 10:33:15'),
(12, 1, '923222353116', 'Hi John, we are looking forward to seeing you on 15/09 at 04:00 pm. To Confirm, reply with SU5481, or SU5480 to cancel, or call 923222353116.', '2021-09-10 12:43:59', '2021-09-10 12:43:59'),
(13, 1, '923222353116', 'Hi John, we are looking forward to seeing you on 15/09 at 04:00 pm. To Confirm, reply with SU5481, or SU5480 to cancel, or call 923222353116.', '2021-09-10 12:45:22', '2021-09-10 12:45:22'),
(14, 1, '923222353116', 'Hi John, we are looking forward to seeing you on 15/09 at 04:00 pm. To Confirm, reply with SU5481, or SU5480 to cancel, or call 923222353116.', '2021-09-10 13:08:17', '2021-09-10 13:08:17'),
(15, 1, '923222353116', 'Hi John, we are looking forward to seeing you on 15/09 at 04:00 pm. To Confirm, reply with SU5481, or SU5480 to cancel, or call 923222353116.', '2021-09-17 09:06:22', '2021-09-17 09:06:22'),
(16, 1, '923222353116', 'Hi John, we are looking forward to seeing you on 15/09 at 04:00 pm. To Confirm, reply with SU5481, or SU5480 to cancel, or call 923222353116.', '2021-09-17 10:42:21', '2021-09-17 10:42:21');

-- --------------------------------------------------------

--
-- Table structure for table `sms_templates`
--

CREATE TABLE `sms_templates` (
  `id` bigint(20) UNSIGNED NOT NULL,
  `business_id` bigint(20) UNSIGNED NOT NULL,
  `event` varchar(50) COLLATE utf8mb4_unicode_ci NOT NULL,
  `send` enum('immediately','before','after') COLLATE utf8mb4_unicode_ci NOT NULL,
  `minutes` int(10) UNSIGNED DEFAULT NULL,
  `is_active` tinyint(1) NOT NULL DEFAULT '1',
  `created_at` timestamp NULL DEFAULT NULL,
  `updated_at` timestamp NULL DEFAULT NULL
) ENGINE=InnoDB DEFAULT CHARSET=utf8mb4 COLLATE=utf8mb4_unicode_ci;

--
-- Dumping data for table `sms_templates`
--

INSERT INTO `sms_templates` (`id`, `business_id`, `event`, `send`, `minutes`, `is_active`, `created_at`, `updated_at`) VALUES
(1, 1, 'reminder_1', 'before', 60, 1, NULL, NULL),
(2, 1, 'reminder_2', 'before', 180, 0, NULL, '2021-08-17 08:18:23'),
(3, 1, 'reminder_3', 'before', 180, 1, NULL, '2021-08-17 08:17:57'),
(4, 1, 'invoice_completed', 'immediately', NULL, 1, NULL, NULL),
(5, 1, 'appointment_booking', 'immediately', NULL, 1, NULL, NULL);

-- --------------------------------------------------------

--
-- Table structure for table `staff`
--

CREATE TABLE `staff` (
  `id` bigint(20) UNSIGNED NOT NULL,
  `business_id` bigint(20) UNSIGNED NOT NULL,
  `user_id` bigint(20) UNSIGNED NOT NULL,
  `role` varchar(50) COLLATE utf8mb4_unicode_ci NOT NULL,
  `first_name` varchar(50) COLLATE utf8mb4_unicode_ci NOT NULL,
  `last_name` varchar(50) COLLATE utf8mb4_unicode_ci NOT NULL,
  `phone_country_id` bigint(20) UNSIGNED NOT NULL,
  `phone_number` varchar(30) COLLATE utf8mb4_unicode_ci NOT NULL,
  `permission` enum('basic','low','medium','high') COLLATE utf8mb4_unicode_ci DEFAULT NULL,
  `staff_title` varchar(100) COLLATE utf8mb4_unicode_ci NOT NULL,
  `emp_start_date` date DEFAULT NULL,
  `emp_end_date` date DEFAULT NULL,
  `notes` text COLLATE utf8mb4_unicode_ci,
  `enable_appointments` tinyint(1) NOT NULL,
  `appointment_color` varchar(7) COLLATE utf8mb4_unicode_ci DEFAULT NULL,
  `service_commission` decimal(8,2) UNSIGNED DEFAULT NULL,
  `product_commission` decimal(8,2) UNSIGNED DEFAULT NULL,
  `deal_commission` decimal(8,2) UNSIGNED DEFAULT NULL,
  `is_active` tinyint(1) NOT NULL DEFAULT '1',
  `created_at` timestamp NULL DEFAULT NULL,
  `updated_at` timestamp NULL DEFAULT NULL
) ENGINE=InnoDB DEFAULT CHARSET=utf8mb4 COLLATE=utf8mb4_unicode_ci;

--
-- Dumping data for table `staff`
--

INSERT INTO `staff` (`id`, `business_id`, `user_id`, `role`, `first_name`, `last_name`, `phone_country_id`, `phone_number`, `permission`, `staff_title`, `emp_start_date`, `emp_end_date`, `notes`, `enable_appointments`, `appointment_color`, `service_commission`, `product_commission`, `deal_commission`, `is_active`, `created_at`, `updated_at`) VALUES
(1, 1, 1, 'owner', 'Abhijeets', 'Saagarrs', 1, '3002566363', NULL, 'Owner', '2021-08-06', NULL, NULL, 0, '#e7f286', NULL, NULL, NULL, 1, '2021-03-29 13:14:16', '2021-08-13 08:47:13'),
(2, 2, 4, 'owner', 'beauty', 'saloon', 1, '3151111111', NULL, 'Owner', NULL, NULL, NULL, 1, '#a5dff8', NULL, NULL, NULL, 1, '2021-04-27 11:13:35', '2021-04-27 11:13:35'),
(3, 2, 4, 'staff', 'Ahmed', 'Hassan', 1, '3151111111', NULL, 'Beautician', NULL, NULL, NULL, 1, '#a5dff8', NULL, NULL, NULL, 1, '2021-04-27 11:13:35', '2021-04-27 11:13:35'),
(4, 1, 5, 'staff', 'Wamiq', 'Jafri', 1, '3003633652', NULL, 'Hair Blower', '2021-08-10', NULL, NULL, 1, '#bbc1e8', '10.00', '15.00', NULL, 1, '2021-04-27 11:21:53', '2021-08-31 08:05:03'),
(5, 3, 6, 'owner', 'Hair ', 'Saloon', 1, '3611111111', NULL, 'Owner', NULL, NULL, NULL, 1, '#a5dff8', NULL, NULL, NULL, 1, '2021-04-27 11:39:12', '2021-04-27 11:39:12'),
(6, 3, 7, 'staff', 'Incidunt', 'Nulla', 1, '3333333333', 'low', 'Fugiat adipisci et q', NULL, NULL, 'Sit omnis consequat', 1, '#bbc1e8', NULL, NULL, NULL, 1, '2021-04-27 11:44:08', '2021-04-27 11:44:21'),
(7, 4, 8, 'owner', 'hyderi', 'saloon', 1, '3222222222', NULL, 'Owner', NULL, NULL, NULL, 1, '#a5dff8', NULL, NULL, NULL, 1, '2021-04-27 12:14:51', '2021-04-27 12:14:51'),
(9, 1, 11, 'staff', 'Noman ', 'Ghani', 1, '3151515155', 'low', 'Manager', NULL, NULL, 'Optio sit aut est', 1, '#bbc1e8', NULL, NULL, NULL, 1, '2021-05-12 08:10:14', '2021-07-29 08:24:41'),
(10, 1, 12, 'staff', 'Yameen', 'Mastoi', 1, '3222353116', NULL, 'Hair Dresser', '2021-06-02', NULL, 'This is a private note', 0, '#bbc1e8', '10.00', '4.00', NULL, 1, '2021-06-07 15:07:45', '2021-08-24 15:00:20'),
(11, 5, 2, 'owner', 'test', 'test', 1, '3555555555', NULL, 'Owner', NULL, NULL, NULL, 1, '#a5dff8', NULL, NULL, NULL, 1, '2021-07-02 14:54:12', '2021-07-02 14:54:12'),
(12, 1, 13, 'staff', 'Tabish', 'Chaudhry', 1, '3225685478', NULL, 'Manager', NULL, NULL, NULL, 0, '#bbc1e8', NULL, NULL, NULL, 1, '2021-07-20 20:05:43', '2021-07-30 17:10:59'),
(15, 1, 15, 'staff', 'Surjani', 'Employee', 1, '3222353114', NULL, 'Point of Sale', NULL, NULL, NULL, 0, '#ffbf69', NULL, NULL, NULL, 1, '2021-07-26 10:39:09', '2021-07-29 06:54:36'),
(18, 8, 18, 'owner', 'Burger', 'Wala', 1, '3222353116', NULL, 'Owner', NULL, NULL, NULL, 1, '#A5DFF8', NULL, NULL, NULL, 1, '2021-08-03 11:12:17', '2021-08-03 11:12:17'),
(19, 1, 19, 'staff', 'Tapaswi', 'Jee', 1, '3222353117', NULL, 'Hair Naw', '2021-05-03', NULL, NULL, 1, '#bbc1e8', NULL, NULL, NULL, 1, '2021-08-04 16:29:28', '2021-08-04 16:29:28'),
(20, 1, 20, 'staff', 'Ali', 'Hemani', 1, '3222353118', NULL, 'Developer', '2021-08-11', NULL, 'Working on Stash', 1, '#bbc1e8', NULL, NULL, NULL, 1, '2021-08-11 07:21:00', '2021-08-11 07:21:00');

-- --------------------------------------------------------

--
-- Table structure for table `staff_branches`
--

CREATE TABLE `staff_branches` (
  `id` bigint(20) UNSIGNED NOT NULL,
  `staff_id` bigint(20) UNSIGNED NOT NULL,
  `branch_id` bigint(20) UNSIGNED NOT NULL,
  `created_at` timestamp NULL DEFAULT NULL,
  `updated_at` timestamp NULL DEFAULT NULL
) ENGINE=InnoDB DEFAULT CHARSET=utf8mb4 COLLATE=utf8mb4_unicode_ci;

--
-- Dumping data for table `staff_branches`
--

INSERT INTO `staff_branches` (`id`, `staff_id`, `branch_id`, `created_at`, `updated_at`) VALUES
(18, 3, 9, '2021-04-27 11:23:28', '2021-04-27 11:23:28'),
(19, 2, 9, '2021-04-27 11:23:28', '2021-04-27 11:23:28'),
(25, 3, 10, '2021-04-27 11:23:28', '2021-04-27 11:23:28'),
(26, 2, 10, '2021-04-27 11:23:28', '2021-04-27 11:23:28'),
(37, 6, 11, '2021-04-27 11:44:21', '2021-04-27 11:44:21'),
(38, 6, 12, '2021-04-27 11:44:21', '2021-04-27 11:44:21'),
(39, 6, 13, '2021-04-27 11:44:21', '2021-04-27 11:44:21'),
(64, 7, 14, '2021-05-29 19:43:04', '2021-05-29 19:43:04'),
(147, 15, 17, '2021-07-29 06:54:51', '2021-07-29 06:54:51'),
(167, 9, 8, '2021-07-29 08:24:41', '2021-07-29 08:24:41'),
(168, 9, 2, '2021-07-29 08:24:41', '2021-07-29 08:24:41'),
(169, 9, 3, '2021-07-29 08:24:41', '2021-07-29 08:24:41'),
(267, 12, 17, '2021-07-30 17:10:59', '2021-07-30 17:10:59'),
(268, 12, 16, '2021-07-30 17:10:59', '2021-07-30 17:10:59'),
(269, 18, 21, '2021-08-04 06:44:26', '2021-08-04 06:44:26'),
(270, 19, 8, '2021-08-04 16:29:28', '2021-08-04 16:29:28'),
(271, 19, 3, '2021-08-04 16:29:28', '2021-08-04 16:29:28'),
(272, 19, 4, '2021-08-04 16:29:28', '2021-08-04 16:29:28'),
(273, 19, 22, '2021-08-04 16:29:28', '2021-08-04 16:29:28'),
(274, 19, 2, '2021-08-04 16:29:29', '2021-08-04 16:29:29'),
(275, 19, 1, '2021-08-04 16:29:29', '2021-08-04 16:29:29'),
(276, 19, 15, '2021-08-04 16:29:29', '2021-08-04 16:29:29'),
(277, 19, 16, '2021-08-04 16:29:29', '2021-08-04 16:29:29'),
(278, 19, 17, '2021-08-04 16:29:29', '2021-08-04 16:29:29'),
(349, 20, 8, '2021-08-11 07:21:33', '2021-08-11 07:21:33'),
(350, 20, 3, '2021-08-11 07:21:33', '2021-08-11 07:21:33'),
(351, 20, 4, '2021-08-11 07:21:33', '2021-08-11 07:21:33'),
(352, 20, 22, '2021-08-11 07:21:33', '2021-08-11 07:21:33'),
(353, 20, 2, '2021-08-11 07:21:33', '2021-08-11 07:21:33'),
(354, 20, 1, '2021-08-11 07:21:33', '2021-08-11 07:21:33'),
(355, 20, 15, '2021-08-11 07:21:33', '2021-08-11 07:21:33'),
(356, 20, 16, '2021-08-11 07:21:33', '2021-08-11 07:21:33'),
(357, 20, 17, '2021-08-11 07:21:33', '2021-08-11 07:21:33'),
(376, 1, 3, '2021-08-13 08:47:13', '2021-08-13 08:47:13'),
(377, 1, 4, '2021-08-13 08:47:13', '2021-08-13 08:47:13'),
(378, 1, 8, '2021-08-13 08:47:13', '2021-08-13 08:47:13'),
(379, 1, 2, '2021-08-13 08:47:13', '2021-08-13 08:47:13'),
(380, 1, 1, '2021-08-13 08:47:13', '2021-08-13 08:47:13'),
(381, 1, 22, '2021-08-13 08:47:13', '2021-08-13 08:47:13'),
(382, 1, 16, '2021-08-13 08:47:13', '2021-08-13 08:47:13'),
(383, 1, 15, '2021-08-13 08:47:13', '2021-08-13 08:47:13'),
(384, 1, 17, '2021-08-13 08:47:13', '2021-08-13 08:47:13'),
(403, 10, 2, '2021-08-24 15:00:20', '2021-08-24 15:00:20'),
(404, 10, 15, '2021-08-24 15:00:20', '2021-08-24 15:00:20'),
(405, 10, 8, '2021-08-24 15:00:20', '2021-08-24 15:00:20'),
(406, 10, 4, '2021-08-24 15:00:20', '2021-08-24 15:00:20'),
(407, 10, 17, '2021-08-24 15:00:20', '2021-08-24 15:00:20'),
(408, 10, 16, '2021-08-24 15:00:20', '2021-08-24 15:00:20'),
(409, 10, 1, '2021-08-24 15:00:20', '2021-08-24 15:00:20'),
(410, 10, 22, '2021-08-24 15:00:20', '2021-08-24 15:00:20'),
(411, 10, 3, '2021-08-24 15:00:20', '2021-08-24 15:00:20'),
(418, 4, 3, '2021-08-31 08:05:12', '2021-08-31 08:05:12');

-- --------------------------------------------------------

--
-- Table structure for table `staff_services`
--

CREATE TABLE `staff_services` (
  `id` bigint(20) UNSIGNED NOT NULL,
  `staff_id` bigint(20) UNSIGNED NOT NULL,
  `service_id` bigint(20) UNSIGNED NOT NULL,
  `created_at` timestamp NULL DEFAULT NULL,
  `updated_at` timestamp NULL DEFAULT NULL
) ENGINE=InnoDB DEFAULT CHARSET=utf8mb4 COLLATE=utf8mb4_unicode_ci;

--
-- Dumping data for table `staff_services`
--

INSERT INTO `staff_services` (`id`, `staff_id`, `service_id`, `created_at`, `updated_at`) VALUES
(44, 2, 3, '2021-04-27 11:28:21', '2021-04-27 11:28:21'),
(45, 3, 3, '2021-04-27 11:28:21', '2021-04-27 11:28:21'),
(46, 2, 4, '2021-04-27 11:30:38', '2021-04-27 11:30:38'),
(47, 3, 4, '2021-04-27 11:30:38', '2021-04-27 11:30:38'),
(48, 3, 5, '2021-04-27 11:34:23', '2021-04-27 11:34:23'),
(49, 2, 5, '2021-04-27 11:34:23', '2021-04-27 11:34:23'),
(52, 3, 6, '2021-04-27 11:37:15', '2021-04-27 11:37:15'),
(56, 5, 8, '2021-04-27 11:45:33', '2021-04-27 11:45:33'),
(57, 6, 8, '2021-04-27 11:45:33', '2021-04-27 11:45:33'),
(58, 5, 7, '2021-04-27 11:45:43', '2021-04-27 11:45:43'),
(59, 6, 7, '2021-04-27 11:45:43', '2021-04-27 11:45:43'),
(60, 5, 9, '2021-04-27 11:47:15', '2021-04-27 11:47:15'),
(61, 6, 9, '2021-04-27 11:47:15', '2021-04-27 11:47:15'),
(64, 5, 10, '2021-04-27 11:49:06', '2021-04-27 11:49:06'),
(65, 6, 10, '2021-04-27 11:49:06', '2021-04-27 11:49:06'),
(386, 7, 11, '2021-05-29 19:43:04', '2021-05-29 19:43:04'),
(387, 7, 12, '2021-05-29 19:43:04', '2021-05-29 19:43:04'),
(388, 7, 13, '2021-05-29 19:43:04', '2021-05-29 19:43:04'),
(910, 13, 31, '2021-07-20 20:09:24', '2021-07-20 20:09:24'),
(913, 13, 33, '2021-07-20 20:09:24', '2021-07-20 20:09:24'),
(915, 13, 35, '2021-07-20 20:09:24', '2021-07-20 20:09:24'),
(916, 13, 44, '2021-07-20 20:09:24', '2021-07-20 20:09:24'),
(917, 13, 45, '2021-07-20 20:09:24', '2021-07-20 20:09:24'),
(919, 13, 15, '2021-07-20 20:09:24', '2021-07-20 20:09:24'),
(921, 13, 17, '2021-07-20 20:09:24', '2021-07-20 20:09:24'),
(922, 13, 43, '2021-07-20 20:09:24', '2021-07-20 20:09:24'),
(924, 13, 19, '2021-07-20 20:09:24', '2021-07-20 20:09:24'),
(925, 13, 20, '2021-07-20 20:09:24', '2021-07-20 20:09:24'),
(926, 13, 21, '2021-07-20 20:09:24', '2021-07-20 20:09:24'),
(927, 13, 22, '2021-07-20 20:09:24', '2021-07-20 20:09:24'),
(928, 13, 23, '2021-07-20 20:09:24', '2021-07-20 20:09:24'),
(929, 13, 24, '2021-07-20 20:09:24', '2021-07-20 20:09:24'),
(930, 13, 25, '2021-07-20 20:09:24', '2021-07-20 20:09:24'),
(931, 13, 26, '2021-07-20 20:09:24', '2021-07-20 20:09:24'),
(932, 13, 27, '2021-07-20 20:09:24', '2021-07-20 20:09:24'),
(934, 13, 37, '2021-07-20 20:09:24', '2021-07-20 20:09:24'),
(935, 13, 38, '2021-07-20 20:09:24', '2021-07-20 20:09:24'),
(936, 13, 39, '2021-07-20 20:09:24', '2021-07-20 20:09:24'),
(937, 13, 40, '2021-07-20 20:09:24', '2021-07-20 20:09:24'),
(938, 13, 41, '2021-07-20 20:09:24', '2021-07-20 20:09:24'),
(1140, 15, 31, '2021-07-29 06:54:51', '2021-07-29 06:54:51'),
(1143, 15, 33, '2021-07-29 06:54:51', '2021-07-29 06:54:51'),
(1145, 15, 35, '2021-07-29 06:54:51', '2021-07-29 06:54:51'),
(1146, 15, 44, '2021-07-29 06:54:51', '2021-07-29 06:54:51'),
(1147, 15, 45, '2021-07-29 06:54:51', '2021-07-29 06:54:51'),
(1149, 15, 15, '2021-07-29 06:54:51', '2021-07-29 06:54:51'),
(1151, 15, 17, '2021-07-29 06:54:51', '2021-07-29 06:54:51'),
(1152, 15, 43, '2021-07-29 06:54:51', '2021-07-29 06:54:51'),
(1154, 15, 19, '2021-07-29 06:54:51', '2021-07-29 06:54:51'),
(1155, 15, 20, '2021-07-29 06:54:51', '2021-07-29 06:54:51'),
(1156, 15, 21, '2021-07-29 06:54:51', '2021-07-29 06:54:51'),
(1157, 15, 22, '2021-07-29 06:54:51', '2021-07-29 06:54:51'),
(1158, 15, 23, '2021-07-29 06:54:51', '2021-07-29 06:54:51'),
(1159, 15, 24, '2021-07-29 06:54:51', '2021-07-29 06:54:51'),
(1160, 15, 25, '2021-07-29 06:54:51', '2021-07-29 06:54:51'),
(1161, 15, 26, '2021-07-29 06:54:51', '2021-07-29 06:54:51'),
(1162, 15, 27, '2021-07-29 06:54:51', '2021-07-29 06:54:51'),
(1164, 15, 37, '2021-07-29 06:54:51', '2021-07-29 06:54:51'),
(1165, 15, 38, '2021-07-29 06:54:51', '2021-07-29 06:54:51'),
(1166, 15, 39, '2021-07-29 06:54:51', '2021-07-29 06:54:51'),
(1167, 15, 40, '2021-07-29 06:54:51', '2021-07-29 06:54:51'),
(1168, 15, 41, '2021-07-29 06:54:51', '2021-07-29 06:54:51'),
(1465, 13, 1, '2021-07-29 08:36:53', '2021-07-29 08:36:53'),
(1466, 15, 1, '2021-07-29 08:36:53', '2021-07-29 08:36:53'),
(1477, 13, 32, '2021-07-29 08:37:31', '2021-07-29 08:37:31'),
(1478, 15, 32, '2021-07-29 08:37:31', '2021-07-29 08:37:31'),
(1483, 13, 2, '2021-07-29 08:37:42', '2021-07-29 08:37:42'),
(1484, 15, 2, '2021-07-29 08:37:42', '2021-07-29 08:37:42'),
(1489, 13, 34, '2021-07-29 08:37:51', '2021-07-29 08:37:51'),
(1490, 15, 34, '2021-07-29 08:37:51', '2021-07-29 08:37:51'),
(1495, 13, 14, '2021-07-29 08:38:21', '2021-07-29 08:38:21'),
(1496, 15, 14, '2021-07-29 08:38:21', '2021-07-29 08:38:21'),
(1501, 13, 18, '2021-07-29 08:38:30', '2021-07-29 08:38:30'),
(1502, 15, 18, '2021-07-29 08:38:30', '2021-07-29 08:38:30'),
(1507, 13, 16, '2021-07-29 08:38:40', '2021-07-29 08:38:40'),
(1508, 15, 16, '2021-07-29 08:38:40', '2021-07-29 08:38:40'),
(1513, 13, 28, '2021-07-29 08:43:07', '2021-07-29 08:43:07'),
(1514, 15, 28, '2021-07-29 08:43:07', '2021-07-29 08:43:07'),
(1518, 9, 28, '2021-07-29 08:43:07', '2021-07-29 08:43:07'),
(2033, 12, 31, '2021-07-30 17:10:59', '2021-07-30 17:10:59'),
(2034, 12, 33, '2021-07-30 17:10:59', '2021-07-30 17:10:59'),
(2035, 12, 35, '2021-07-30 17:10:59', '2021-07-30 17:10:59'),
(2036, 12, 44, '2021-07-30 17:10:59', '2021-07-30 17:10:59'),
(2037, 12, 45, '2021-07-30 17:10:59', '2021-07-30 17:10:59'),
(2038, 12, 15, '2021-07-30 17:10:59', '2021-07-30 17:10:59'),
(2039, 12, 17, '2021-07-30 17:10:59', '2021-07-30 17:10:59'),
(2040, 12, 43, '2021-07-30 17:10:59', '2021-07-30 17:10:59'),
(2041, 12, 19, '2021-07-30 17:10:59', '2021-07-30 17:10:59'),
(2042, 12, 20, '2021-07-30 17:10:59', '2021-07-30 17:10:59'),
(2043, 12, 21, '2021-07-30 17:10:59', '2021-07-30 17:10:59'),
(2044, 12, 22, '2021-07-30 17:10:59', '2021-07-30 17:10:59'),
(2045, 12, 23, '2021-07-30 17:10:59', '2021-07-30 17:10:59'),
(2046, 12, 24, '2021-07-30 17:10:59', '2021-07-30 17:10:59'),
(2047, 12, 25, '2021-07-30 17:10:59', '2021-07-30 17:10:59'),
(2048, 12, 26, '2021-07-30 17:10:59', '2021-07-30 17:10:59'),
(2049, 12, 27, '2021-07-30 17:10:59', '2021-07-30 17:10:59'),
(2051, 12, 37, '2021-07-30 17:10:59', '2021-07-30 17:10:59'),
(2052, 12, 38, '2021-07-30 17:10:59', '2021-07-30 17:10:59'),
(2053, 12, 39, '2021-07-30 17:10:59', '2021-07-30 17:10:59'),
(2054, 12, 40, '2021-07-30 17:10:59', '2021-07-30 17:10:59'),
(2055, 12, 41, '2021-07-30 17:10:59', '2021-07-30 17:10:59'),
(2056, 12, 1, '2021-07-30 17:10:59', '2021-07-30 17:10:59'),
(2057, 12, 32, '2021-07-30 17:10:59', '2021-07-30 17:10:59'),
(2058, 12, 2, '2021-07-30 17:10:59', '2021-07-30 17:10:59'),
(2059, 12, 34, '2021-07-30 17:10:59', '2021-07-30 17:10:59'),
(2060, 12, 14, '2021-07-30 17:10:59', '2021-07-30 17:10:59'),
(2061, 12, 18, '2021-07-30 17:10:59', '2021-07-30 17:10:59'),
(2062, 12, 16, '2021-07-30 17:10:59', '2021-07-30 17:10:59'),
(2063, 12, 28, '2021-07-30 17:10:59', '2021-07-30 17:10:59'),
(2065, 12, 46, '2021-07-30 17:10:59', '2021-07-30 17:10:59'),
(2066, 19, 1, '2021-08-04 16:29:29', '2021-08-04 16:29:29'),
(2067, 19, 28, '2021-08-04 16:29:29', '2021-08-04 16:29:29'),
(2070, 19, 31, '2021-08-04 16:29:29', '2021-08-04 16:29:29'),
(2071, 19, 2, '2021-08-04 16:29:29', '2021-08-04 16:29:29'),
(2072, 19, 32, '2021-08-04 16:29:29', '2021-08-04 16:29:29'),
(2073, 19, 33, '2021-08-04 16:29:29', '2021-08-04 16:29:29'),
(2074, 19, 34, '2021-08-04 16:29:29', '2021-08-04 16:29:29'),
(2075, 19, 35, '2021-08-04 16:29:29', '2021-08-04 16:29:29'),
(2076, 19, 44, '2021-08-04 16:29:29', '2021-08-04 16:29:29'),
(2077, 19, 45, '2021-08-04 16:29:29', '2021-08-04 16:29:29'),
(2078, 19, 14, '2021-08-04 16:29:29', '2021-08-04 16:29:29'),
(2079, 19, 15, '2021-08-04 16:29:29', '2021-08-04 16:29:29'),
(2080, 19, 16, '2021-08-04 16:29:29', '2021-08-04 16:29:29'),
(2081, 19, 17, '2021-08-04 16:29:29', '2021-08-04 16:29:29'),
(2082, 19, 43, '2021-08-04 16:29:29', '2021-08-04 16:29:29'),
(2083, 19, 18, '2021-08-04 16:29:29', '2021-08-04 16:29:29'),
(2084, 19, 19, '2021-08-04 16:29:29', '2021-08-04 16:29:29'),
(2085, 19, 20, '2021-08-04 16:29:29', '2021-08-04 16:29:29'),
(2086, 19, 21, '2021-08-04 16:29:29', '2021-08-04 16:29:29'),
(2087, 19, 22, '2021-08-04 16:29:29', '2021-08-04 16:29:29'),
(2088, 19, 23, '2021-08-04 16:29:29', '2021-08-04 16:29:29'),
(2089, 19, 24, '2021-08-04 16:29:29', '2021-08-04 16:29:29'),
(2090, 19, 25, '2021-08-04 16:29:29', '2021-08-04 16:29:29'),
(2091, 19, 26, '2021-08-04 16:29:29', '2021-08-04 16:29:29'),
(2092, 19, 27, '2021-08-04 16:29:29', '2021-08-04 16:29:29'),
(2094, 19, 37, '2021-08-04 16:29:29', '2021-08-04 16:29:29'),
(2095, 19, 38, '2021-08-04 16:29:29', '2021-08-04 16:29:29'),
(2096, 19, 39, '2021-08-04 16:29:29', '2021-08-04 16:29:29'),
(2097, 19, 40, '2021-08-04 16:29:29', '2021-08-04 16:29:29'),
(2098, 19, 41, '2021-08-04 16:29:29', '2021-08-04 16:29:29'),
(2099, 19, 46, '2021-08-04 16:29:29', '2021-08-04 16:29:29'),
(3024, 9, 47, '2021-08-11 07:17:28', '2021-08-11 07:17:28'),
(3026, 12, 47, '2021-08-11 07:17:28', '2021-08-11 07:17:28'),
(3027, 15, 47, '2021-08-11 07:17:28', '2021-08-11 07:17:28'),
(3028, 19, 47, '2021-08-11 07:17:28', '2021-08-11 07:17:28'),
(3064, 20, 1, '2021-08-11 07:21:34', '2021-08-11 07:21:34'),
(3065, 20, 28, '2021-08-11 07:21:34', '2021-08-11 07:21:34'),
(3068, 20, 31, '2021-08-11 07:21:34', '2021-08-11 07:21:34'),
(3069, 20, 47, '2021-08-11 07:21:34', '2021-08-11 07:21:34'),
(3070, 20, 2, '2021-08-11 07:21:34', '2021-08-11 07:21:34'),
(3071, 20, 32, '2021-08-11 07:21:34', '2021-08-11 07:21:34'),
(3072, 20, 33, '2021-08-11 07:21:34', '2021-08-11 07:21:34'),
(3073, 20, 34, '2021-08-11 07:21:34', '2021-08-11 07:21:34'),
(3074, 20, 35, '2021-08-11 07:21:34', '2021-08-11 07:21:34'),
(3075, 20, 44, '2021-08-11 07:21:34', '2021-08-11 07:21:34'),
(3076, 20, 45, '2021-08-11 07:21:34', '2021-08-11 07:21:34'),
(3077, 20, 14, '2021-08-11 07:21:34', '2021-08-11 07:21:34'),
(3078, 20, 15, '2021-08-11 07:21:34', '2021-08-11 07:21:34'),
(3079, 20, 16, '2021-08-11 07:21:34', '2021-08-11 07:21:34'),
(3080, 20, 17, '2021-08-11 07:21:34', '2021-08-11 07:21:34'),
(3081, 20, 43, '2021-08-11 07:21:34', '2021-08-11 07:21:34'),
(3082, 20, 18, '2021-08-11 07:21:34', '2021-08-11 07:21:34'),
(3083, 20, 19, '2021-08-11 07:21:34', '2021-08-11 07:21:34'),
(3084, 20, 20, '2021-08-11 07:21:34', '2021-08-11 07:21:34'),
(3085, 20, 21, '2021-08-11 07:21:34', '2021-08-11 07:21:34'),
(3086, 20, 22, '2021-08-11 07:21:34', '2021-08-11 07:21:34'),
(3087, 20, 23, '2021-08-11 07:21:34', '2021-08-11 07:21:34'),
(3088, 20, 24, '2021-08-11 07:21:34', '2021-08-11 07:21:34'),
(3089, 20, 25, '2021-08-11 07:21:34', '2021-08-11 07:21:34'),
(3090, 20, 26, '2021-08-11 07:21:34', '2021-08-11 07:21:34'),
(3091, 20, 27, '2021-08-11 07:21:34', '2021-08-11 07:21:34'),
(3093, 20, 37, '2021-08-11 07:21:34', '2021-08-11 07:21:34'),
(3094, 20, 38, '2021-08-11 07:21:34', '2021-08-11 07:21:34'),
(3095, 20, 39, '2021-08-11 07:21:34', '2021-08-11 07:21:34'),
(3096, 20, 40, '2021-08-11 07:21:34', '2021-08-11 07:21:34'),
(3097, 20, 41, '2021-08-11 07:21:34', '2021-08-11 07:21:34'),
(3098, 20, 46, '2021-08-11 07:21:34', '2021-08-11 07:21:34'),
(3267, 1, 15, '2021-08-13 08:47:13', '2021-08-13 08:47:13'),
(3268, 1, 17, '2021-08-13 08:47:13', '2021-08-13 08:47:13'),
(3269, 1, 19, '2021-08-13 08:47:13', '2021-08-13 08:47:13'),
(3270, 1, 21, '2021-08-13 08:47:13', '2021-08-13 08:47:13'),
(3271, 1, 22, '2021-08-13 08:47:13', '2021-08-13 08:47:13'),
(3272, 1, 23, '2021-08-13 08:47:13', '2021-08-13 08:47:13'),
(3273, 1, 24, '2021-08-13 08:47:13', '2021-08-13 08:47:13'),
(3274, 1, 25, '2021-08-13 08:47:13', '2021-08-13 08:47:13'),
(3275, 1, 26, '2021-08-13 08:47:13', '2021-08-13 08:47:13'),
(3276, 1, 27, '2021-08-13 08:47:13', '2021-08-13 08:47:13'),
(3277, 1, 33, '2021-08-13 08:47:13', '2021-08-13 08:47:13'),
(3278, 1, 37, '2021-08-13 08:47:13', '2021-08-13 08:47:13'),
(3279, 1, 38, '2021-08-13 08:47:13', '2021-08-13 08:47:13'),
(3280, 1, 39, '2021-08-13 08:47:13', '2021-08-13 08:47:13'),
(3281, 1, 40, '2021-08-13 08:47:13', '2021-08-13 08:47:13'),
(3282, 1, 41, '2021-08-13 08:47:13', '2021-08-13 08:47:13'),
(3284, 1, 31, '2021-08-13 08:47:13', '2021-08-13 08:47:13'),
(3285, 1, 35, '2021-08-13 08:47:13', '2021-08-13 08:47:13'),
(3286, 1, 44, '2021-08-13 08:47:13', '2021-08-13 08:47:13'),
(3287, 1, 45, '2021-08-13 08:47:13', '2021-08-13 08:47:13'),
(3288, 1, 1, '2021-08-13 08:47:13', '2021-08-13 08:47:13'),
(3289, 1, 32, '2021-08-13 08:47:13', '2021-08-13 08:47:13'),
(3290, 1, 2, '2021-08-13 08:47:13', '2021-08-13 08:47:13'),
(3291, 1, 34, '2021-08-13 08:47:13', '2021-08-13 08:47:13'),
(3292, 1, 14, '2021-08-13 08:47:13', '2021-08-13 08:47:13'),
(3293, 1, 18, '2021-08-13 08:47:13', '2021-08-13 08:47:13'),
(3294, 1, 16, '2021-08-13 08:47:13', '2021-08-13 08:47:13'),
(3295, 1, 28, '2021-08-13 08:47:13', '2021-08-13 08:47:13'),
(3296, 1, 47, '2021-08-13 08:47:13', '2021-08-13 08:47:13'),
(3363, 10, 31, '2021-08-24 15:00:20', '2021-08-24 15:00:20'),
(3364, 10, 33, '2021-08-24 15:00:20', '2021-08-24 15:00:20'),
(3365, 10, 15, '2021-08-24 15:00:20', '2021-08-24 15:00:20'),
(3366, 10, 17, '2021-08-24 15:00:20', '2021-08-24 15:00:20'),
(3367, 10, 19, '2021-08-24 15:00:20', '2021-08-24 15:00:20'),
(3368, 10, 20, '2021-08-24 15:00:20', '2021-08-24 15:00:20'),
(3369, 10, 21, '2021-08-24 15:00:20', '2021-08-24 15:00:20'),
(3370, 10, 22, '2021-08-24 15:00:20', '2021-08-24 15:00:20'),
(3371, 10, 23, '2021-08-24 15:00:20', '2021-08-24 15:00:20'),
(3372, 10, 24, '2021-08-24 15:00:20', '2021-08-24 15:00:20'),
(3373, 10, 25, '2021-08-24 15:00:20', '2021-08-24 15:00:20'),
(3374, 10, 26, '2021-08-24 15:00:20', '2021-08-24 15:00:20'),
(3375, 10, 27, '2021-08-24 15:00:20', '2021-08-24 15:00:20'),
(3377, 10, 37, '2021-08-24 15:00:20', '2021-08-24 15:00:20'),
(3378, 10, 38, '2021-08-24 15:00:20', '2021-08-24 15:00:20'),
(3379, 10, 39, '2021-08-24 15:00:20', '2021-08-24 15:00:20'),
(3380, 10, 40, '2021-08-24 15:00:20', '2021-08-24 15:00:20'),
(3381, 10, 41, '2021-08-24 15:00:20', '2021-08-24 15:00:20'),
(3382, 10, 35, '2021-08-24 15:00:20', '2021-08-24 15:00:20'),
(3383, 10, 44, '2021-08-24 15:00:20', '2021-08-24 15:00:20'),
(3384, 10, 45, '2021-08-24 15:00:20', '2021-08-24 15:00:20'),
(3385, 10, 1, '2021-08-24 15:00:20', '2021-08-24 15:00:20'),
(3386, 10, 32, '2021-08-24 15:00:20', '2021-08-24 15:00:20'),
(3387, 10, 2, '2021-08-24 15:00:20', '2021-08-24 15:00:20'),
(3388, 10, 34, '2021-08-24 15:00:20', '2021-08-24 15:00:20'),
(3389, 10, 14, '2021-08-24 15:00:20', '2021-08-24 15:00:20'),
(3390, 10, 18, '2021-08-24 15:00:20', '2021-08-24 15:00:20'),
(3391, 10, 16, '2021-08-24 15:00:20', '2021-08-24 15:00:20'),
(3392, 10, 28, '2021-08-24 15:00:20', '2021-08-24 15:00:20'),
(3393, 10, 47, '2021-08-24 15:00:20', '2021-08-24 15:00:20'),
(3429, 13, 36, '2021-08-30 15:32:19', '2021-08-30 15:32:19'),
(3430, 15, 36, '2021-08-30 15:32:19', '2021-08-30 15:32:19'),
(3431, 12, 36, '2021-08-30 15:32:19', '2021-08-30 15:32:19'),
(3432, 19, 36, '2021-08-30 15:32:19', '2021-08-30 15:32:19'),
(3433, 20, 36, '2021-08-30 15:32:19', '2021-08-30 15:32:19'),
(3434, 1, 36, '2021-08-30 15:32:19', '2021-08-30 15:32:19'),
(3435, 10, 36, '2021-08-30 15:32:19', '2021-08-30 15:32:19'),
(3437, 9, 36, '2021-08-30 15:32:19', '2021-08-30 15:32:19'),
(3472, 4, 15, '2021-08-31 08:05:12', '2021-08-31 08:05:12'),
(3473, 4, 17, '2021-08-31 08:05:12', '2021-08-31 08:05:12'),
(3474, 4, 19, '2021-08-31 08:05:12', '2021-08-31 08:05:12'),
(3475, 4, 20, '2021-08-31 08:05:12', '2021-08-31 08:05:12'),
(3476, 4, 21, '2021-08-31 08:05:12', '2021-08-31 08:05:12'),
(3477, 4, 22, '2021-08-31 08:05:12', '2021-08-31 08:05:12'),
(3478, 4, 23, '2021-08-31 08:05:12', '2021-08-31 08:05:12'),
(3479, 4, 24, '2021-08-31 08:05:12', '2021-08-31 08:05:12'),
(3480, 4, 25, '2021-08-31 08:05:12', '2021-08-31 08:05:12'),
(3481, 4, 26, '2021-08-31 08:05:12', '2021-08-31 08:05:12'),
(3482, 4, 27, '2021-08-31 08:05:12', '2021-08-31 08:05:12'),
(3483, 4, 33, '2021-08-31 08:05:12', '2021-08-31 08:05:12'),
(3484, 4, 37, '2021-08-31 08:05:12', '2021-08-31 08:05:12'),
(3485, 4, 38, '2021-08-31 08:05:12', '2021-08-31 08:05:12'),
(3486, 4, 39, '2021-08-31 08:05:12', '2021-08-31 08:05:12'),
(3487, 4, 40, '2021-08-31 08:05:12', '2021-08-31 08:05:12'),
(3488, 4, 41, '2021-08-31 08:05:12', '2021-08-31 08:05:12'),
(3489, 4, 31, '2021-08-31 08:05:12', '2021-08-31 08:05:12'),
(3490, 4, 43, '2021-08-31 08:05:12', '2021-08-31 08:05:12'),
(3491, 4, 35, '2021-08-31 08:05:12', '2021-08-31 08:05:12'),
(3492, 4, 44, '2021-08-31 08:05:12', '2021-08-31 08:05:12'),
(3493, 4, 45, '2021-08-31 08:05:12', '2021-08-31 08:05:12'),
(3494, 4, 1, '2021-08-31 08:05:12', '2021-08-31 08:05:12'),
(3495, 4, 32, '2021-08-31 08:05:12', '2021-08-31 08:05:12'),
(3496, 4, 2, '2021-08-31 08:05:12', '2021-08-31 08:05:12'),
(3497, 4, 34, '2021-08-31 08:05:12', '2021-08-31 08:05:12'),
(3498, 4, 14, '2021-08-31 08:05:12', '2021-08-31 08:05:12'),
(3499, 4, 18, '2021-08-31 08:05:12', '2021-08-31 08:05:12'),
(3500, 4, 16, '2021-08-31 08:05:12', '2021-08-31 08:05:12'),
(3501, 4, 28, '2021-08-31 08:05:12', '2021-08-31 08:05:12'),
(3502, 4, 47, '2021-08-31 08:05:12', '2021-08-31 08:05:12'),
(3505, 4, 36, '2021-08-31 08:05:12', '2021-08-31 08:05:12'),
(3506, 13, 29, '2021-09-01 12:25:53', '2021-09-01 12:25:53'),
(3507, 15, 29, '2021-09-01 12:25:53', '2021-09-01 12:25:53'),
(3508, 9, 29, '2021-09-01 12:25:53', '2021-09-01 12:25:53'),
(3509, 12, 29, '2021-09-01 12:25:53', '2021-09-01 12:25:53'),
(3510, 19, 29, '2021-09-01 12:25:53', '2021-09-01 12:25:53'),
(3511, 20, 29, '2021-09-01 12:25:53', '2021-09-01 12:25:53'),
(3512, 1, 29, '2021-09-01 12:25:53', '2021-09-01 12:25:53'),
(3513, 4, 29, '2021-09-01 12:25:53', '2021-09-01 12:25:53'),
(3514, 10, 29, '2021-09-01 12:25:53', '2021-09-01 12:25:53'),
(3515, 13, 30, '2021-09-16 11:10:26', '2021-09-16 11:10:26'),
(3516, 15, 30, '2021-09-16 11:10:26', '2021-09-16 11:10:26'),
(3517, 12, 30, '2021-09-16 11:10:26', '2021-09-16 11:10:26'),
(3518, 19, 30, '2021-09-16 11:10:27', '2021-09-16 11:10:27'),
(3519, 20, 30, '2021-09-16 11:10:27', '2021-09-16 11:10:27'),
(3520, 1, 30, '2021-09-16 11:10:27', '2021-09-16 11:10:27'),
(3521, 10, 30, '2021-09-16 11:10:27', '2021-09-16 11:10:27'),
(3522, 4, 30, '2021-09-16 11:10:27', '2021-09-16 11:10:27');

-- --------------------------------------------------------

--
-- Table structure for table `staff_shifts`
--

CREATE TABLE `staff_shifts` (
  `id` bigint(20) UNSIGNED NOT NULL,
  `branch_id` bigint(20) UNSIGNED NOT NULL,
  `staff_id` bigint(20) UNSIGNED NOT NULL,
  `date_start` date NOT NULL,
  `date_end` date DEFAULT NULL,
  `day_of_week` tinyint(3) UNSIGNED NOT NULL,
  `repeats` enum('dont_repeat','weekly') COLLATE utf8mb4_unicode_ci NOT NULL,
  `end_repeat` enum('ongoing','specific_date') COLLATE utf8mb4_unicode_ci DEFAULT NULL,
  `starts_at` time NOT NULL,
  `ends_at` time NOT NULL,
  `created_at` timestamp NULL DEFAULT NULL,
  `updated_at` timestamp NULL DEFAULT NULL
) ENGINE=InnoDB DEFAULT CHARSET=utf8mb4 COLLATE=utf8mb4_unicode_ci;

--
-- Dumping data for table `staff_shifts`
--

INSERT INTO `staff_shifts` (`id`, `branch_id`, `staff_id`, `date_start`, `date_end`, `day_of_week`, `repeats`, `end_repeat`, `starts_at`, `ends_at`, `created_at`, `updated_at`) VALUES
(4, 8, 19, '2021-08-30', '2021-08-30', 1, 'dont_repeat', NULL, '11:00:00', '20:00:00', '2021-09-08 14:45:01', '2021-09-09 12:05:17'),
(19, 8, 19, '2021-09-06', '2021-09-06', 1, 'dont_repeat', NULL, '14:00:00', '15:40:00', '2021-09-09 12:05:17', '2021-09-09 12:09:53'),
(23, 8, 19, '2021-10-04', NULL, 1, 'weekly', 'ongoing', '12:00:00', '19:00:00', '2021-09-09 12:14:45', '2021-09-09 12:14:45'),
(24, 8, 19, '2021-09-13', '2021-09-27', 1, 'weekly', 'specific_date', '13:30:00', '18:15:00', '2021-09-09 12:14:45', '2021-09-09 12:14:45');

-- --------------------------------------------------------

--
-- Table structure for table `states`
--

CREATE TABLE `states` (
  `id` bigint(20) UNSIGNED NOT NULL,
  `name` varchar(100) COLLATE utf8mb4_unicode_ci NOT NULL,
  `country_id` bigint(20) UNSIGNED NOT NULL
) ENGINE=InnoDB DEFAULT CHARSET=utf8mb4 COLLATE=utf8mb4_unicode_ci;

--
-- Dumping data for table `states`
--

INSERT INTO `states` (`id`, `name`, `country_id`) VALUES
(1, 'Sindh', 1),
(2, 'Punjab', 1),
(3, 'Balochistan', 1),
(4, 'Khyber Pakhtunkhwa', 1),
(5, 'Islamabad Capital Territory', 1),
(6, 'GilgitBaltistan', 1),
(7, 'Azad Jammu and Kashmir', 1),
(8, 'Auckland', 2),
(9, 'Balgowlah', 2),
(10, 'Balmain', 2),
(11, 'Bankstown', 2),
(12, 'Camberwell', 2),
(13, 'Caulfield', 2),
(14, 'Chatswood', 2),
(15, 'Cheltenham', 2),
(16, 'Cherrybrook', 2),
(17, 'Clayton', 2),
(18, 'Collingwood', 2),
(19, 'Hawthorn', 2),
(20, 'Jannnali', 2),
(21, 'Knoxfield', 2),
(22, 'Melbourne', 2),
(23, 'Perth', 2),
(24, 'Queensland', 2),
(25, 'Tasmania', 2),
(26, 'Templestowe', 2),
(27, 'Victoria', 2),
(28, 'Wheeler', 2);

-- --------------------------------------------------------

--
-- Table structure for table `taxes`
--

CREATE TABLE `taxes` (
  `id` bigint(20) UNSIGNED NOT NULL,
  `business_id` bigint(20) UNSIGNED NOT NULL,
  `title` varchar(100) COLLATE utf8mb4_unicode_ci NOT NULL,
  `rate` double(8,2) DEFAULT NULL,
  `tax_1` bigint(20) UNSIGNED DEFAULT NULL,
  `tax_2` bigint(20) UNSIGNED DEFAULT NULL,
  `tax_3` bigint(20) UNSIGNED DEFAULT NULL,
  `created_at` timestamp NULL DEFAULT NULL,
  `updated_at` timestamp NULL DEFAULT NULL
) ENGINE=InnoDB DEFAULT CHARSET=utf8mb4 COLLATE=utf8mb4_unicode_ci;

--
-- Dumping data for table `taxes`
--

INSERT INTO `taxes` (`id`, `business_id`, `title`, `rate`, `tax_1`, `tax_2`, `tax_3`, `created_at`, `updated_at`) VALUES
(1, 1, 'Karma Tax', 10.00, NULL, NULL, NULL, '2021-03-29 14:27:37', '2021-05-27 13:08:16'),
(2, 1, 'VAT', 5.00, NULL, NULL, NULL, '2021-04-01 14:25:20', '2021-04-01 14:25:20'),
(3, 1, 'Sales Tax', 10.00, NULL, NULL, NULL, '2021-04-01 14:25:35', '2021-04-01 14:25:35'),
(4, 1, 'Punjab Tax', 17.50, NULL, NULL, NULL, '2021-04-01 14:25:46', '2021-04-01 14:25:46'),
(5, 1, 'GST', 10.00, NULL, NULL, NULL, '2021-04-01 14:25:56', '2021-04-01 14:25:56'),
(6, 1, 'Zalim Taxes', NULL, 4, 1, 5, '2021-04-01 14:26:54', '2021-08-10 14:54:17'),
(10, 1, 'Zardari Tax', 10.00, NULL, NULL, NULL, '2021-07-14 13:22:17', '2021-08-31 14:00:40');

-- --------------------------------------------------------

--
-- Table structure for table `timezones`
--

CREATE TABLE `timezones` (
  `id` bigint(20) UNSIGNED NOT NULL,
  `timezone` varchar(100) COLLATE utf8mb4_unicode_ci NOT NULL,
  `offset` varchar(6) COLLATE utf8mb4_unicode_ci NOT NULL
) ENGINE=InnoDB DEFAULT CHARSET=utf8mb4 COLLATE=utf8mb4_unicode_ci;

--
-- Dumping data for table `timezones`
--

INSERT INTO `timezones` (`id`, `timezone`, `offset`) VALUES
(1, 'Asia/Aden', '+03:00'),
(2, 'Asia/Almaty', '+06:00'),
(3, 'Asia/Amman', '+03:00'),
(4, 'Asia/Anadyr', '+12:00'),
(5, 'Asia/Aqtau', '+05:00'),
(6, 'Asia/Aqtobe', '+05:00'),
(7, 'Asia/Ashgabat', '+05:00'),
(8, 'Asia/Ashkhabad', '+05:00'),
(9, 'Asia/Atyrau', '+05:00'),
(10, 'Asia/Baghdad', '+03:00'),
(11, 'Asia/Bahrain', '+03:00'),
(12, 'Asia/Baku', '+04:00'),
(13, 'Asia/Bangkok', '+07:00'),
(14, 'Asia/Barnaul', '+07:00'),
(15, 'Asia/Beirut', '+03:00'),
(16, 'Asia/Bishkek', '+06:00'),
(17, 'Asia/Brunei', '+08:00'),
(18, 'Asia/Calcutta', '+05:30'),
(19, 'Asia/Chita', '+09:00'),
(20, 'Asia/Choibalsan', '+08:00'),
(21, 'Asia/Chongqing', '+08:00'),
(22, 'Asia/Chungking', '+08:00'),
(23, 'Asia/Colombo', '+05:30'),
(24, 'Asia/Dacca', '+06:00'),
(25, 'Asia/Damascus', '+03:00'),
(26, 'Asia/Dhaka', '+06:00'),
(27, 'Asia/Dili', '+09:00'),
(28, 'Asia/Dubai', '+04:00'),
(29, 'Asia/Dushanbe', '+05:00'),
(30, 'Asia/Famagusta', '+03:00'),
(31, 'Asia/Gaza', '+03:00'),
(32, 'Asia/Harbin', '+08:00'),
(33, 'Asia/Hebron', '+03:00'),
(34, 'Asia/Ho_Chi_Minh', '+07:00'),
(35, 'Asia/Hong_Kong', '+08:00'),
(36, 'Asia/Hovd', '+07:00'),
(37, 'Asia/Irkutsk', '+08:00'),
(38, 'Asia/Istanbul', '+03:00'),
(39, 'Asia/Jakarta', '+07:00'),
(40, 'Asia/Jayapura', '+09:00'),
(41, 'Asia/Jerusalem', '+03:00'),
(42, 'Asia/Kabul', '+04:30'),
(43, 'Asia/Kamchatka', '+12:00'),
(44, 'Asia/Karachi', '+05:00'),
(45, 'Asia/Kashgar', '+06:00'),
(46, 'Asia/Kathmandu', '+05:45'),
(47, 'Asia/Katmandu', '+05:45'),
(48, 'Asia/Khandyga', '+09:00'),
(49, 'Asia/Kolkata', '+05:30'),
(50, 'Asia/Krasnoyarsk', '+07:00'),
(51, 'Asia/Kuala_Lumpur', '+08:00'),
(52, 'Asia/Kuching', '+08:00'),
(53, 'Asia/Kuwait', '+03:00'),
(54, 'Asia/Macao', '+08:00'),
(55, 'Asia/Macau', '+08:00'),
(56, 'Asia/Magadan', '+11:00'),
(57, 'Asia/Makassar', '+08:00'),
(58, 'Asia/Manila', '+08:00'),
(59, 'Asia/Muscat', '+04:00'),
(60, 'Asia/Nicosia', '+03:00'),
(61, 'Asia/Novokuznetsk', '+07:00'),
(62, 'Asia/Novosibirsk', '+07:00'),
(63, 'Asia/Omsk', '+06:00'),
(64, 'Asia/Oral', '+05:00'),
(65, 'Asia/Phnom_Penh', '+07:00'),
(66, 'Asia/Pontianak', '+07:00'),
(67, 'Asia/Pyongyang', '+09:00'),
(68, 'Asia/Qatar', '+03:00'),
(69, 'Asia/Qostanay', '+06:00'),
(70, 'Asia/Qyzylorda', '+05:00'),
(71, 'Asia/Rangoon', '+06:30'),
(72, 'Asia/Riyadh', '+03:00'),
(73, 'Asia/Saigon', '+07:00'),
(74, 'Asia/Sakhalin', '+11:00'),
(75, 'Asia/Samarkand', '+05:00'),
(76, 'Asia/Seoul', '+09:00'),
(77, 'Asia/Shanghai', '+08:00'),
(78, 'Asia/Singapore', '+08:00'),
(79, 'Asia/Srednekolymsk', '+11:00'),
(80, 'Asia/Taipei', '+08:00'),
(81, 'Asia/Tashkent', '+05:00'),
(82, 'Asia/Tbilisi', '+04:00'),
(83, 'Asia/Tehran', '+04:30'),
(84, 'Asia/Tel_Aviv', '+03:00'),
(85, 'Asia/Thimbu', '+06:00'),
(86, 'Asia/Thimphu', '+06:00'),
(87, 'Asia/Tokyo', '+09:00'),
(88, 'Asia/Tomsk', '+07:00'),
(89, 'Asia/Ujung_Pandang', '+08:00'),
(90, 'Asia/Ulaanbaatar', '+08:00'),
(91, 'Asia/Ulan_Bator', '+08:00'),
(92, 'Asia/Urumqi', '+06:00'),
(93, 'Asia/Ust-Nera', '+10:00'),
(94, 'Asia/Vientiane', '+07:00'),
(95, 'Asia/Vladivostok', '+10:00'),
(96, 'Asia/Yakutsk', '+09:00'),
(97, 'Asia/Yangon', '+06:30'),
(98, 'Asia/Yekaterinburg', '+05:00'),
(99, 'Asia/Yerevan', '+04:00'),
(100, 'Australia/ACT', '+11:00'),
(101, 'Australia/Adelaide', '+10:30'),
(102, 'Australia/Brisbane', '+10:00'),
(103, 'Australia/Broken_Hill', '+10:30'),
(104, 'Australia/Canberra', '+11:00'),
(105, 'Australia/Currie', '+11:00'),
(106, 'Australia/Darwin', '+09:30'),
(107, 'Australia/Eucla', '+08:45'),
(108, 'Australia/Hobart', '+11:00'),
(109, 'Australia/LHI', '+11:00'),
(110, 'Australia/Lindeman', '+10:00'),
(111, 'Australia/Lord_Howe', '+11:00'),
(112, 'Australia/Melbourne', '+11:00'),
(113, 'Australia/North', '+09:30'),
(114, 'Australia/NSW', '+11:00'),
(115, 'Australia/Perth', '+08:00'),
(116, 'Australia/Queensland', '+10:00'),
(117, 'Australia/South', '+10:30'),
(118, 'Australia/Sydney', '+11:00'),
(119, 'Australia/Tasmania', '+11:00'),
(120, 'Australia/Victoria', '+11:00'),
(121, 'Australia/West', '+08:00'),
(122, 'Australia/Yancowinna', '+10:30');

-- --------------------------------------------------------

--
-- Table structure for table `transactions`
--

CREATE TABLE `transactions` (
  `id` bigint(20) UNSIGNED NOT NULL,
  `business_id` bigint(20) UNSIGNED NOT NULL,
  `transaction_num` text COLLATE utf8mb4_unicode_ci,
  `status` varchar(50) COLLATE utf8mb4_unicode_ci NOT NULL,
  `payment_id` bigint(20) UNSIGNED NOT NULL,
  `invoice_id` bigint(20) UNSIGNED NOT NULL,
  `bank_name` varchar(100) COLLATE utf8mb4_unicode_ci DEFAULT NULL,
  `created_at` timestamp NULL DEFAULT NULL,
  `updated_at` timestamp NULL DEFAULT NULL
) ENGINE=InnoDB DEFAULT CHARSET=utf8mb4 COLLATE=utf8mb4_unicode_ci;

--
-- Dumping data for table `transactions`
--

INSERT INTO `transactions` (`id`, `business_id`, `transaction_num`, `status`, `payment_id`, `invoice_id`, `bank_name`, `created_at`, `updated_at`) VALUES
(1, 1, '123412a', 'success', 2, 9, NULL, '2021-08-24 15:44:49', '2021-08-24 15:44:49'),
(2, 1, 'x019654', 'success', 2, 8, NULL, '2021-08-24 15:45:48', '2021-08-24 15:45:48'),
(3, 1, 'asdasd-hj77863', 'success', 2, 57, NULL, '2021-08-30 15:08:16', '2021-08-30 15:08:16'),
(4, 1, 'haider-test-45\r\n', 'success', 2, 104, NULL, '2021-08-30 15:08:16', '2021-08-30 15:08:16');

-- --------------------------------------------------------

--
-- Table structure for table `users`
--

CREATE TABLE `users` (
  `id` bigint(20) UNSIGNED NOT NULL,
  `email` varchar(255) COLLATE utf8mb4_unicode_ci NOT NULL,
  `password` varchar(255) COLLATE utf8mb4_unicode_ci DEFAULT NULL,
  `reset_password_token` varchar(255) COLLATE utf8mb4_unicode_ci DEFAULT NULL,
  `reset_password_expires_on` timestamp NULL DEFAULT NULL,
  `is_email_verified` tinyint(1) NOT NULL DEFAULT '0',
  `email_verified_on` timestamp NULL DEFAULT NULL,
  `email_verification_token` varchar(255) COLLATE utf8mb4_unicode_ci DEFAULT NULL,
  `email_verification_expires_on` timestamp NULL DEFAULT NULL,
  `created_at` timestamp NULL DEFAULT NULL,
  `updated_at` timestamp NULL DEFAULT NULL
) ENGINE=InnoDB DEFAULT CHARSET=utf8mb4 COLLATE=utf8mb4_unicode_ci;

--
-- Dumping data for table `users`
--

INSERT INTO `users` (`id`, `email`, `password`, `reset_password_token`, `reset_password_expires_on`, `is_email_verified`, `email_verified_on`, `email_verification_token`, `email_verification_expires_on`, `created_at`, `updated_at`) VALUES
(1, 'danish.bhayani@genetechsolutions.com', '$2y$10$EkFHVq0tYWzjyqmPYMV0sOoZVerl9VJk4poKEWfst.xC1Dat8uaGa', NULL, NULL, 1, '2021-03-29 13:24:32', NULL, NULL, '2021-03-29 13:14:16', '2021-08-20 13:41:58'),
(2, 'khadi.hussain@yopmail.com', NULL, NULL, NULL, 0, NULL, NULL, NULL, '2021-04-03 11:08:56', '2021-04-03 11:08:56'),
(3, 'test@test.com', '$2y$10$fFSvd1oQJSH/rwH2n8NbDeSsjGjVxAJZoBtA1SurKL0CGQLtD2BkK', NULL, NULL, 0, NULL, NULL, NULL, '2021-04-03 12:37:38', '2021-07-20 20:09:23'),
(4, 'beautysaloon@yopmail.com', '$2y$10$iAxRJt.2wS0AOKKt1GkK7ud6jbxhgpIhDspFi7Y1hRVYKO4gyBo0m', NULL, NULL, 1, NULL, 'jOQbbSyUHJCmHF6DlGbTjyiK4fiphKrw', '2021-04-28 11:13:35', '2021-04-27 11:13:35', '2021-04-27 11:13:35'),
(5, 'test@wj.com', '$2y$10$PAkZlbPF2jkETMFj10MnP.ckTzTy3EbhUtxQ20peAMPp3OC.Wd/aO', NULL, NULL, 0, NULL, NULL, NULL, '2021-04-27 11:21:53', '2021-04-27 11:21:53'),
(6, 'barbar@yopmail.com', '$2y$10$OIAfiYoQrv9NeUnuETcOoufGmSNUzLZjeeKWNvDN56HfTHVx9MpM.', NULL, NULL, 1, NULL, 'Cad3VWSKHXSKWBwwGKFJkMKG3O1JZE7t', '2021-04-28 11:39:12', '2021-04-27 11:39:12', '2021-04-27 11:39:12'),
(7, 'hufavy@mailinator.com', '$2y$10$AKUQF/hfkyTk8t4z/5jg.O9NwRtqtxgGIITqHihMsRtDUPnT1avtq', NULL, NULL, 0, NULL, NULL, NULL, '2021-04-27 11:44:08', '2021-04-27 11:44:08'),
(8, 'hyderi@yopmail.com', '$2y$10$8VUSfc.KYTEBbTwWVaw7quMj01HmtDYpVOITIZuPTzY81aOx3lJxi', NULL, NULL, 1, NULL, 'LOd3zv7JwZIOygrAax2T8Y6GrT7XEmy9', '2021-04-28 12:14:51', '2021-04-27 12:14:51', '2021-04-27 12:14:51'),
(11, 'sutij@yopmail.com', '$2y$10$mCa4OBbaVnloDWJFJBwlVushrTpT.akZVlDEsXdMcX4EzjbI4ioZG', NULL, NULL, 0, NULL, NULL, NULL, '2021-05-12 08:10:14', '2021-05-12 08:10:14'),
(12, 'yameen_mastoi@yopmail.com', '$2y$10$Dz4EETRRnxiroUnbbDImKetA4c9R9KDAw1zMb9uLur2byEu8ZBJ0i', NULL, NULL, 0, NULL, NULL, NULL, '2021-06-07 15:04:02', '2021-06-07 15:04:02'),
(13, 'tabish@yopmail.com', '$2y$10$FEpZ6eoPg.MHf1TUh59Fy.yKalcZ9j8eyptRiEk4zV0.RXqAeUAea', NULL, NULL, 0, NULL, NULL, NULL, '2021-07-20 20:04:46', '2021-07-20 20:04:46'),
(14, 'surjani@yopmail.com', '$2y$10$tCKKj3mZtJUTLFJE5WtbSOVdVmtbTapK3.6dvx1LyQqMsi1dYHqDW', NULL, NULL, 0, NULL, NULL, NULL, '2021-07-26 09:07:32', '2021-07-26 09:07:32'),
(15, 'surjani@pos.com', '$2y$10$jUODxcuuqdMjbkCb6EgCi.gTnXAYGgKczWbPYyL9XkFpWmEyV5.P.', NULL, NULL, 0, NULL, NULL, NULL, '2021-07-26 10:39:09', '2021-07-26 10:39:09'),
(18, 'danish.bhayani1@genetechsolutions.com', '$2y$10$EWo5r2gsFlGIf78D/hoUiuVYjmLS.f4jlj7MqkLBeE/FTooTmo/DS', NULL, NULL, 1, '2021-08-03 11:13:56', NULL, NULL, '2021-08-03 11:12:17', '2021-08-03 11:13:56'),
(19, 'tapaswi@yopmail.com', '$2y$10$vTI/G14IcguB2bxxFFltfOIaRIl1uwsBSiQlppq5eL1PNLhcJ.Qve', NULL, NULL, 0, NULL, NULL, NULL, '2021-08-04 16:29:28', '2021-08-04 16:29:28'),
(20, 'alihemani@yopmail.com', '$2y$10$XQ5zyNXWfcKk.YiqS7FqK.fXtEHyCo.r2MsyOz22zNYxsG5jJofua', NULL, NULL, 0, NULL, NULL, NULL, '2021-08-11 07:21:00', '2021-08-11 07:21:00');

--
-- Indexes for dumped tables
--

--
-- Indexes for table `appointments`
--
ALTER TABLE `appointments`
  ADD PRIMARY KEY (`id`);

--
-- Indexes for table `appointment_history`
--
ALTER TABLE `appointment_history`
  ADD PRIMARY KEY (`id`);

--
-- Indexes for table `appointment_items`
--
ALTER TABLE `appointment_items`
  ADD PRIMARY KEY (`id`);

--
-- Indexes for table `branches`
--
ALTER TABLE `branches`
  ADD PRIMARY KEY (`id`);

--
-- Indexes for table `branch_products`
--
ALTER TABLE `branch_products`
  ADD PRIMARY KEY (`id`);

--
-- Indexes for table `branch_services`
--
ALTER TABLE `branch_services`
  ADD PRIMARY KEY (`id`);

--
-- Indexes for table `branch_timings`
--
ALTER TABLE `branch_timings`
  ADD PRIMARY KEY (`id`);

--
-- Indexes for table `businesses`
--
ALTER TABLE `businesses`
  ADD PRIMARY KEY (`id`);

--
-- Indexes for table `cancellation_reasons`
--
ALTER TABLE `cancellation_reasons`
  ADD PRIMARY KEY (`id`);

--
-- Indexes for table `cities`
--
ALTER TABLE `cities`
  ADD PRIMARY KEY (`id`);

--
-- Indexes for table `clients`
--
ALTER TABLE `clients`
  ADD PRIMARY KEY (`id`);

--
-- Indexes for table `client_blocked_reasons`
--
ALTER TABLE `client_blocked_reasons`
  ADD PRIMARY KEY (`id`);

--
-- Indexes for table `client_deals`
--
ALTER TABLE `client_deals`
  ADD PRIMARY KEY (`id`);

--
-- Indexes for table `client_deals_items`
--
ALTER TABLE `client_deals_items`
  ADD PRIMARY KEY (`id`);

--
-- Indexes for table `closed_dates`
--
ALTER TABLE `closed_dates`
  ADD PRIMARY KEY (`id`);

--
-- Indexes for table `closed_dates_branches`
--
ALTER TABLE `closed_dates_branches`
  ADD PRIMARY KEY (`id`);

--
-- Indexes for table `countries`
--
ALTER TABLE `countries`
  ADD PRIMARY KEY (`id`);

--
-- Indexes for table `customers`
--
ALTER TABLE `customers`
  ADD PRIMARY KEY (`id`);

--
-- Indexes for table `deals`
--
ALTER TABLE `deals`
  ADD PRIMARY KEY (`id`);

--
-- Indexes for table `deals_branches`
--
ALTER TABLE `deals_branches`
  ADD PRIMARY KEY (`id`);

--
-- Indexes for table `deals_inclusions`
--
ALTER TABLE `deals_inclusions`
  ADD PRIMARY KEY (`id`);

--
-- Indexes for table `discounts`
--
ALTER TABLE `discounts`
  ADD PRIMARY KEY (`id`);

--
-- Indexes for table `expenses_summary`
--
ALTER TABLE `expenses_summary`
  ADD PRIMARY KEY (`id`);

--
-- Indexes for table `inventory_brands`
--
ALTER TABLE `inventory_brands`
  ADD PRIMARY KEY (`id`);

--
-- Indexes for table `inventory_categories`
--
ALTER TABLE `inventory_categories`
  ADD PRIMARY KEY (`id`);

--
-- Indexes for table `inventory_history`
--
ALTER TABLE `inventory_history`
  ADD PRIMARY KEY (`id`);

--
-- Indexes for table `inventory_products`
--
ALTER TABLE `inventory_products`
  ADD PRIMARY KEY (`id`);

--
-- Indexes for table `inventory_suppliers`
--
ALTER TABLE `inventory_suppliers`
  ADD PRIMARY KEY (`id`);

--
-- Indexes for table `invoices`
--
ALTER TABLE `invoices`
  ADD PRIMARY KEY (`id`);

--
-- Indexes for table `invoice_items`
--
ALTER TABLE `invoice_items`
  ADD PRIMARY KEY (`id`);

--
-- Indexes for table `invoice_items_discounts`
--
ALTER TABLE `invoice_items_discounts`
  ADD PRIMARY KEY (`id`);

--
-- Indexes for table `invoice_items_taxes`
--
ALTER TABLE `invoice_items_taxes`
  ADD PRIMARY KEY (`id`);

--
-- Indexes for table `jobs`
--
ALTER TABLE `jobs`
  ADD PRIMARY KEY (`id`),
  ADD KEY `jobs_queue_index` (`queue`);

--
-- Indexes for table `migrations`
--
ALTER TABLE `migrations`
  ADD PRIMARY KEY (`id`);

--
-- Indexes for table `payment_methods`
--
ALTER TABLE `payment_methods`
  ADD PRIMARY KEY (`id`);

--
-- Indexes for table `payment_methods_countries`
--
ALTER TABLE `payment_methods_countries`
  ADD PRIMARY KEY (`id`);

--
-- Indexes for table `services`
--
ALTER TABLE `services`
  ADD PRIMARY KEY (`id`);

--
-- Indexes for table `services_categories`
--
ALTER TABLE `services_categories`
  ADD PRIMARY KEY (`id`);

--
-- Indexes for table `services_packages`
--
ALTER TABLE `services_packages`
  ADD PRIMARY KEY (`id`);

--
-- Indexes for table `services_pricings`
--
ALTER TABLE `services_pricings`
  ADD PRIMARY KEY (`id`);

--
-- Indexes for table `short_urls`
--
ALTER TABLE `short_urls`
  ADD PRIMARY KEY (`id`);

--
-- Indexes for table `sms_campaign`
--
ALTER TABLE `sms_campaign`
  ADD PRIMARY KEY (`id`);

--
-- Indexes for table `sms_campaign_clients`
--
ALTER TABLE `sms_campaign_clients`
  ADD PRIMARY KEY (`id`);

--
-- Indexes for table `sms_campaign_logs`
--
ALTER TABLE `sms_campaign_logs`
  ADD PRIMARY KEY (`id`);

--
-- Indexes for table `sms_history`
--
ALTER TABLE `sms_history`
  ADD PRIMARY KEY (`id`);

--
-- Indexes for table `sms_templates`
--
ALTER TABLE `sms_templates`
  ADD PRIMARY KEY (`id`);

--
-- Indexes for table `staff`
--
ALTER TABLE `staff`
  ADD PRIMARY KEY (`id`);

--
-- Indexes for table `staff_branches`
--
ALTER TABLE `staff_branches`
  ADD PRIMARY KEY (`id`);

--
-- Indexes for table `staff_services`
--
ALTER TABLE `staff_services`
  ADD PRIMARY KEY (`id`);

--
-- Indexes for table `staff_shifts`
--
ALTER TABLE `staff_shifts`
  ADD PRIMARY KEY (`id`);

--
-- Indexes for table `states`
--
ALTER TABLE `states`
  ADD PRIMARY KEY (`id`);

--
-- Indexes for table `taxes`
--
ALTER TABLE `taxes`
  ADD PRIMARY KEY (`id`);

--
-- Indexes for table `timezones`
--
ALTER TABLE `timezones`
  ADD PRIMARY KEY (`id`);

--
-- Indexes for table `transactions`
--
ALTER TABLE `transactions`
  ADD PRIMARY KEY (`id`);

--
-- Indexes for table `users`
--
ALTER TABLE `users`
  ADD PRIMARY KEY (`id`);

--
-- AUTO_INCREMENT for dumped tables
--

--
-- AUTO_INCREMENT for table `appointments`
--
ALTER TABLE `appointments`
  MODIFY `id` bigint(20) UNSIGNED NOT NULL AUTO_INCREMENT, AUTO_INCREMENT=51;
--
-- AUTO_INCREMENT for table `appointment_history`
--
ALTER TABLE `appointment_history`
  MODIFY `id` bigint(20) UNSIGNED NOT NULL AUTO_INCREMENT, AUTO_INCREMENT=72;
--
-- AUTO_INCREMENT for table `appointment_items`
--
ALTER TABLE `appointment_items`
  MODIFY `id` bigint(20) UNSIGNED NOT NULL AUTO_INCREMENT, AUTO_INCREMENT=90;
--
-- AUTO_INCREMENT for table `branches`
--
ALTER TABLE `branches`
  MODIFY `id` bigint(20) UNSIGNED NOT NULL AUTO_INCREMENT, AUTO_INCREMENT=23;
--
-- AUTO_INCREMENT for table `branch_products`
--
ALTER TABLE `branch_products`
  MODIFY `id` bigint(20) UNSIGNED NOT NULL AUTO_INCREMENT, AUTO_INCREMENT=147;
--
-- AUTO_INCREMENT for table `branch_services`
--
ALTER TABLE `branch_services`
  MODIFY `id` bigint(20) UNSIGNED NOT NULL AUTO_INCREMENT, AUTO_INCREMENT=530;
--
-- AUTO_INCREMENT for table `branch_timings`
--
ALTER TABLE `branch_timings`
  MODIFY `id` bigint(20) UNSIGNED NOT NULL AUTO_INCREMENT, AUTO_INCREMENT=162;
--
-- AUTO_INCREMENT for table `businesses`
--
ALTER TABLE `businesses`
  MODIFY `id` bigint(20) UNSIGNED NOT NULL AUTO_INCREMENT, AUTO_INCREMENT=9;
--
-- AUTO_INCREMENT for table `cancellation_reasons`
--
ALTER TABLE `cancellation_reasons`
  MODIFY `id` bigint(20) UNSIGNED NOT NULL AUTO_INCREMENT, AUTO_INCREMENT=4;
--
-- AUTO_INCREMENT for table `cities`
--
ALTER TABLE `cities`
  MODIFY `id` bigint(20) UNSIGNED NOT NULL AUTO_INCREMENT, AUTO_INCREMENT=936;
--
-- AUTO_INCREMENT for table `clients`
--
ALTER TABLE `clients`
  MODIFY `id` bigint(20) UNSIGNED NOT NULL AUTO_INCREMENT, AUTO_INCREMENT=24;
--
-- AUTO_INCREMENT for table `client_blocked_reasons`
--
ALTER TABLE `client_blocked_reasons`
  MODIFY `id` bigint(20) UNSIGNED NOT NULL AUTO_INCREMENT, AUTO_INCREMENT=7;
--
-- AUTO_INCREMENT for table `client_deals`
--
ALTER TABLE `client_deals`
  MODIFY `id` bigint(20) UNSIGNED NOT NULL AUTO_INCREMENT, AUTO_INCREMENT=35;
--
-- AUTO_INCREMENT for table `client_deals_items`
--
ALTER TABLE `client_deals_items`
  MODIFY `id` bigint(20) UNSIGNED NOT NULL AUTO_INCREMENT, AUTO_INCREMENT=77;
--
-- AUTO_INCREMENT for table `closed_dates`
--
ALTER TABLE `closed_dates`
  MODIFY `id` bigint(20) UNSIGNED NOT NULL AUTO_INCREMENT, AUTO_INCREMENT=6;
--
-- AUTO_INCREMENT for table `closed_dates_branches`
--
ALTER TABLE `closed_dates_branches`
  MODIFY `id` bigint(20) UNSIGNED NOT NULL AUTO_INCREMENT, AUTO_INCREMENT=8;
--
-- AUTO_INCREMENT for table `countries`
--
ALTER TABLE `countries`
  MODIFY `id` bigint(20) UNSIGNED NOT NULL AUTO_INCREMENT, AUTO_INCREMENT=3;
--
-- AUTO_INCREMENT for table `customers`
--
ALTER TABLE `customers`
  MODIFY `id` bigint(20) UNSIGNED NOT NULL AUTO_INCREMENT, AUTO_INCREMENT=25;
--
-- AUTO_INCREMENT for table `deals`
--
ALTER TABLE `deals`
  MODIFY `id` bigint(20) UNSIGNED NOT NULL AUTO_INCREMENT, AUTO_INCREMENT=12;
--
-- AUTO_INCREMENT for table `deals_branches`
--
ALTER TABLE `deals_branches`
  MODIFY `id` bigint(20) UNSIGNED NOT NULL AUTO_INCREMENT, AUTO_INCREMENT=270;
--
-- AUTO_INCREMENT for table `deals_inclusions`
--
ALTER TABLE `deals_inclusions`
  MODIFY `id` bigint(20) UNSIGNED NOT NULL AUTO_INCREMENT, AUTO_INCREMENT=24;
--
-- AUTO_INCREMENT for table `discounts`
--
ALTER TABLE `discounts`
  MODIFY `id` bigint(20) UNSIGNED NOT NULL AUTO_INCREMENT, AUTO_INCREMENT=5;
--
-- AUTO_INCREMENT for table `expenses_summary`
--
ALTER TABLE `expenses_summary`
  MODIFY `id` bigint(20) UNSIGNED NOT NULL AUTO_INCREMENT, AUTO_INCREMENT=6;
--
-- AUTO_INCREMENT for table `inventory_brands`
--
ALTER TABLE `inventory_brands`
  MODIFY `id` bigint(20) UNSIGNED NOT NULL AUTO_INCREMENT, AUTO_INCREMENT=5;
--
-- AUTO_INCREMENT for table `inventory_categories`
--
ALTER TABLE `inventory_categories`
  MODIFY `id` bigint(20) UNSIGNED NOT NULL AUTO_INCREMENT, AUTO_INCREMENT=4;
--
-- AUTO_INCREMENT for table `inventory_history`
--
ALTER TABLE `inventory_history`
  MODIFY `id` bigint(20) UNSIGNED NOT NULL AUTO_INCREMENT, AUTO_INCREMENT=154;
--
-- AUTO_INCREMENT for table `inventory_products`
--
ALTER TABLE `inventory_products`
  MODIFY `id` bigint(20) UNSIGNED NOT NULL AUTO_INCREMENT, AUTO_INCREMENT=6;
--
-- AUTO_INCREMENT for table `inventory_suppliers`
--
ALTER TABLE `inventory_suppliers`
  MODIFY `id` bigint(20) UNSIGNED NOT NULL AUTO_INCREMENT, AUTO_INCREMENT=3;
--
-- AUTO_INCREMENT for table `invoices`
--
ALTER TABLE `invoices`
  MODIFY `id` bigint(20) UNSIGNED NOT NULL AUTO_INCREMENT, AUTO_INCREMENT=133;
--
-- AUTO_INCREMENT for table `invoice_items`
--
ALTER TABLE `invoice_items`
  MODIFY `id` bigint(20) UNSIGNED NOT NULL AUTO_INCREMENT, AUTO_INCREMENT=121;
--
-- AUTO_INCREMENT for table `invoice_items_discounts`
--
ALTER TABLE `invoice_items_discounts`
  MODIFY `id` bigint(20) UNSIGNED NOT NULL AUTO_INCREMENT, AUTO_INCREMENT=46;
--
-- AUTO_INCREMENT for table `invoice_items_taxes`
--
ALTER TABLE `invoice_items_taxes`
  MODIFY `id` bigint(20) UNSIGNED NOT NULL AUTO_INCREMENT, AUTO_INCREMENT=137;
--
-- AUTO_INCREMENT for table `jobs`
--
ALTER TABLE `jobs`
  MODIFY `id` bigint(20) UNSIGNED NOT NULL AUTO_INCREMENT, AUTO_INCREMENT=11;
--
-- AUTO_INCREMENT for table `migrations`
--
ALTER TABLE `migrations`
  MODIFY `id` int(10) UNSIGNED NOT NULL AUTO_INCREMENT, AUTO_INCREMENT=241;
--
-- AUTO_INCREMENT for table `payment_methods`
--
ALTER TABLE `payment_methods`
  MODIFY `id` bigint(20) UNSIGNED NOT NULL AUTO_INCREMENT, AUTO_INCREMENT=4;
--
-- AUTO_INCREMENT for table `payment_methods_countries`
--
ALTER TABLE `payment_methods_countries`
  MODIFY `id` bigint(20) UNSIGNED NOT NULL AUTO_INCREMENT, AUTO_INCREMENT=4;
--
-- AUTO_INCREMENT for table `services`
--
ALTER TABLE `services`
  MODIFY `id` bigint(20) UNSIGNED NOT NULL AUTO_INCREMENT, AUTO_INCREMENT=48;
--
-- AUTO_INCREMENT for table `services_categories`
--
ALTER TABLE `services_categories`
  MODIFY `id` bigint(20) UNSIGNED NOT NULL AUTO_INCREMENT, AUTO_INCREMENT=16;
--
-- AUTO_INCREMENT for table `services_packages`
--
ALTER TABLE `services_packages`
  MODIFY `id` bigint(20) UNSIGNED NOT NULL AUTO_INCREMENT;
--
-- AUTO_INCREMENT for table `services_pricings`
--
ALTER TABLE `services_pricings`
  MODIFY `id` bigint(20) UNSIGNED NOT NULL AUTO_INCREMENT, AUTO_INCREMENT=149;
--
-- AUTO_INCREMENT for table `short_urls`
--
ALTER TABLE `short_urls`
  MODIFY `id` bigint(20) UNSIGNED NOT NULL AUTO_INCREMENT, AUTO_INCREMENT=21;
--
-- AUTO_INCREMENT for table `sms_campaign`
--
ALTER TABLE `sms_campaign`
  MODIFY `id` bigint(20) UNSIGNED NOT NULL AUTO_INCREMENT, AUTO_INCREMENT=41;
--
-- AUTO_INCREMENT for table `sms_campaign_clients`
--
ALTER TABLE `sms_campaign_clients`
  MODIFY `id` bigint(20) UNSIGNED NOT NULL AUTO_INCREMENT, AUTO_INCREMENT=176;
--
-- AUTO_INCREMENT for table `sms_campaign_logs`
--
ALTER TABLE `sms_campaign_logs`
  MODIFY `id` bigint(20) UNSIGNED NOT NULL AUTO_INCREMENT, AUTO_INCREMENT=13;
--
-- AUTO_INCREMENT for table `sms_history`
--
ALTER TABLE `sms_history`
  MODIFY `id` bigint(20) UNSIGNED NOT NULL AUTO_INCREMENT, AUTO_INCREMENT=17;
--
-- AUTO_INCREMENT for table `sms_templates`
--
ALTER TABLE `sms_templates`
  MODIFY `id` bigint(20) UNSIGNED NOT NULL AUTO_INCREMENT, AUTO_INCREMENT=6;
--
-- AUTO_INCREMENT for table `staff`
--
ALTER TABLE `staff`
  MODIFY `id` bigint(20) UNSIGNED NOT NULL AUTO_INCREMENT, AUTO_INCREMENT=21;
--
-- AUTO_INCREMENT for table `staff_branches`
--
ALTER TABLE `staff_branches`
  MODIFY `id` bigint(20) UNSIGNED NOT NULL AUTO_INCREMENT, AUTO_INCREMENT=419;
--
-- AUTO_INCREMENT for table `staff_services`
--
ALTER TABLE `staff_services`
  MODIFY `id` bigint(20) UNSIGNED NOT NULL AUTO_INCREMENT, AUTO_INCREMENT=3523;
--
-- AUTO_INCREMENT for table `staff_shifts`
--
ALTER TABLE `staff_shifts`
  MODIFY `id` bigint(20) UNSIGNED NOT NULL AUTO_INCREMENT, AUTO_INCREMENT=25;
--
-- AUTO_INCREMENT for table `states`
--
ALTER TABLE `states`
  MODIFY `id` bigint(20) UNSIGNED NOT NULL AUTO_INCREMENT, AUTO_INCREMENT=29;
--
-- AUTO_INCREMENT for table `taxes`
--
ALTER TABLE `taxes`
  MODIFY `id` bigint(20) UNSIGNED NOT NULL AUTO_INCREMENT, AUTO_INCREMENT=11;
--
-- AUTO_INCREMENT for table `timezones`
--
ALTER TABLE `timezones`
  MODIFY `id` bigint(20) UNSIGNED NOT NULL AUTO_INCREMENT, AUTO_INCREMENT=123;
--
-- AUTO_INCREMENT for table `transactions`
--
ALTER TABLE `transactions`
  MODIFY `id` bigint(20) UNSIGNED NOT NULL AUTO_INCREMENT, AUTO_INCREMENT=5;
--
-- AUTO_INCREMENT for table `users`
--
ALTER TABLE `users`
  MODIFY `id` bigint(20) UNSIGNED NOT NULL AUTO_INCREMENT, AUTO_INCREMENT=21;
/*!40101 SET CHARACTER_SET_CLIENT=@OLD_CHARACTER_SET_CLIENT */;
/*!40101 SET CHARACTER_SET_RESULTS=@OLD_CHARACTER_SET_RESULTS */;
/*!40101 SET COLLATION_CONNECTION=@OLD_COLLATION_CONNECTION */;
